317;26;1.225;1014;0.002;36.2;3750;9.4;-1;1.16
659;27;1.225;1013;0.002;36.2;3750;9.8;-1.44;0.96
659;26;1.225;1014;0.002;36.2;3750;9.6;-1.08;0.92
1003;27;1.225;1013;0.002;36.2;3740;9.6;-1.28;1.04
1352;27;1.225;1012;0.001;36.2;3740;9.6;-1.12;0.92
1707;27;1.22;1012;0.001;36.2;3760;9.4;-0.68;1.52
1707;27;1.22;1010;0.001;36.2;3740;9.6;-0.76;1.36
2049;27;1.22;1014;0.001;36.2;3750;9.4;-0.6;1.68
2391;27;1.22;1011;0.001;36.2;3740;9.6;-0.56;1.68
2391;27;1.22;1013;0.001;36.2;3750;9.4;-0.6;1.76
2745;27;1.22;1013;0.001;36.2;3750;9.4;-0.8;1.52
3091;27;1.22;1016;0.001;36.2;3740;9.4;-0.64;1.56
3439;29;1.22;1019;0.001;36.2;3750;9.6;0.2;2.2
3439;29;1.22;1013;0.001;36.2;3760;9.6;-0.8;1.36
3786;32;1.22;1016;0;36.2;3740;9.2;-0.76;2
4136;32;1.345;1013;0;36.2;3750;9.6;-0.72;1.4
4136;32;1.345;1016;0;36.2;3750;9.6;-0.52;0.76
4482;32;1.345;1012;0;36.2;3760;9.6;-0.72;1.6
4834;32;1.345;1012;0;36.2;3760;9.2;-0.48;1.52
5180;32;1.345;1009;0;36.2;3750;9.8;-0.04;1.08
5180;32;1.345;1012;0;36.2;3740;9.6;-0.08;1.36
5523;32;1.345;1012;0;36.2;3730;9.4;-1.32;0.96
5869;32;1.345;1011;0;36.2;3750;9.4;-1.24;1.04
6211;31;1.345;1010;0;36.2;3750;9.2;-0.72;1.28
6211;31;1.345;1010;0;36.2;3750;8.8;-0.64;1.76
6552;31;1.345;1010;0;36.2;3750;9.4;-0.84;1.08
6896;31;1.345;1008;0;36.2;3750;9.8;-0.16;0.76
6896;31;1.345;1013;0;36.2;3760;10;-0.72;0.68
7237;31;1.345;1013;0;36.2;3740;10.2;-0.52;0.6
7579;31;1.345;1015;0;36.2;3750;9.2;-1.28;0.6
7931;31;1.345;1010;0;36.2;3760;9.8;-0.28;1.76
7931;31;1.345;1011;0;36.2;3750;9.6;0;1.28
8272;31;1.345;1016;0;36.2;3760;10;-0.84;1.6
8622;31;1.345;1010;0;36.2;3740;9.4;-0.08;2
8969;31;1.345;1010;0;36.2;3740;9;-0.12;2
8969;31;1.345;1016;0;36.2;3760;10;-0.08;1.44
9311;31;1.345;1008;0;36.2;3750;9.4;-0.04;1.44
9656;31;1.345;1009;0;36.2;3740;9.8;0.04;1.56
9656;31;1.345;1011;0;36.2;3750;9.8;-0.28;1.88
9999;31;1.345;1009;0;36.2;3740;9.6;-0.08;0.84
10346;28;1.345;1025;0;36.2;3750;9.8;-0.28;-0.72
10687;28;1.345;1014;0;36.2;3730;9.6;-0.76;-1.44
10687;28;1.345;1019;0;36.2;3750;9.4;-0.48;-1.12
11039;28;1.345;1006;0;36.2;3760;8.8;-0.96;-1.04
11383;28;1.345;1007;0;36.2;3750;10;-1.36;1.04
11383;28;1.345;1001;0;36.2;3750;11;-0.72;-0.36
11733;28;1.345;1009;0;36.2;3740;9.8;0.28;1.6
12076;28;1.345;1011;0;36.2;3740;9.6;0.08;1.16
12426;28;1.345;1010;0;36.2;3750;9.8;-0.68;1.4
12426;28;1.345;1007;0;36.2;3750;9.6;0.12;2
12770;28;1.345;1013;0;36.2;3740;9.6;-0.64;1.36
13114;28;1.345;1015;0;36.2;3740;9.6;-0.64;1.28
13455;28;1.345;1014;0;36.2;3750;9.6;-0.4;0.96
13455;28;1.345;1013;0;36.2;3750;9.8;-0.6;1.24
13797;28;1.345;1016;0;36.2;3760;9.6;-0.2;1.48
14138;28;1.345;1014;0;36.2;3730;9.6;-0.16;1.44
14138;28;1.345;1015;0;36.2;3750;9.6;-0.28;1.28
14482;28;1.345;1013;0;36.2;3750;9.6;-0.2;1.56
14823;28;1.345;1014;0;36.2;3750;9.6;-0.2;1.48
15165;28;1.345;1013;0;36.2;3750;9.6;-0.32;1.8
15165;28;1.345;1015;0;36.2;3740;9.6;-0.12;1.44
15508;28;1.345;1004;0;36.2;3760;9.2;0.4;2.4
15851;26;1.345;1039;0;36.2;3740;10.6;-1.64;1.56
16203;26;1.345;994;0;36.2;3750;9.2;0.28;3.4
16203;26;1.345;1013;0;36.2;3740;8.8;-0.92;4.2
16546;26;1.345;1011;0;36.3;3750;8;-0.24;4.2
16895;26;1.345;1011;0;36.3;3750;8.4;-0.16;5.6
16895;26;1.345;1003;0;36.3;3740;8.2;-0.96;3.6
17242;26;1.345;1011;0;36.3;3730;8.2;-1.2;4.6
17588;26;1.345;1012;0;36.3;3740;9.2;-2.2;4
17932;26;1.345;1010;0;36.2;3740;8.6;-0.84;5
17932;26;1.345;1008;0;36.3;3760;8;-1.64;5.4
18279;26;1.345;1012;0;36.2;3750;8.6;-1.84;4.8
18622;26;1.345;1009;0;36.2;3740;8.8;-1.4;5.2
18969;26;1.345;1007;0;36.2;3750;8.6;-0.8;5.2
18969;26;1.345;1007;0;36.2;3750;8.8;-0.72;5.2
19312;26;1.345;1004;0;36.3;3750;8.4;-0.84;5.4
19662;26;1.345;1004;0;36.3;3750;8;-1.24;5.2
19662;26;1.345;1004;0;36.3;3740;9;-0.64;5.4
20008;26;1.345;1002;0;36.3;3760;8.6;-1.32;5.2
20351;26;1.345;1002;0;36.3;3750;8.2;-0.92;5.6
20704;26;1.345;999;0;36.2;3740;8.4;-1.08;5.2
20704;26;1.345;1002;0;36.2;3740;8.2;-2.4;5.6
21045;26;1.345;1000;0;36.2;3740;8.2;-1.68;5.8
21388;23;1.345;1001;0;36.2;3750;8.4;-0.8;5.4
21729;23;1.333;1002;0;36.3;3740;8.4;-1;5.4
21729;23;1.333;1000;0;36.2;3750;9;-0.92;4.8
22071;23;1.333;1001;0;36.3;3740;8.2;-1.48;4.4
22413;23;1.333;1002;0;36.3;3750;8;-0.84;5.6
22413;23;1.333;1003;0;36.3;3740;8.4;-1.2;5.2
22755;23;1.333;1002;0;36.3;3740;8.2;-1.12;4.8
23102;23;1.333;1001;0;36.3;3760;7.6;-0.96;4.8
23449;23;1.333;1001;0;36.3;3740;8;-1.28;5
23449;23;1.333;1002;0;36.3;3740;8.2;-1;5.4
23790;23;1.333;1003;0;36.3;3750;8.2;-1.04;6
24137;23;1.333;1004;0;36.3;3750;8.4;-1.44;5.4
24480;23;1.333;999;0;36.3;3760;8.2;-1.32;5
24480;23;1.333;1003;0;36.3;3740;7.8;-0.44;5.4
24832;23;1.333;995;0;36.3;3740;8.6;-0.84;4.8
25173;24;1.333;1003;0;36.3;3740;8;0.2;5.4
25173;24;1.333;1001;0;36.3;3750;8.6;-0.48;4.6
25519;24;1.333;1005;0;36.3;3750;8;0.28;5.2
25866;24;1.333;1006;0;36.3;3740;8.6;-0.28;5.2
26220;24;1.333;1008;0;36.3;3740;8.6;-1.88;4.6
26220;24;1.333;1006;0;36.3;3760;8.2;-1.24;5
26567;24;1.333;1006;0;36.3;3760;8.6;-1.24;5.6
26910;24;1.333;1010;0;36.3;3740;8.2;-0.84;5.6
26910;24;1.333;1009;0;36.3;3750;8.8;-0.88;5.8
27255;24;1.333;1005;0;36.3;3750;8.4;-0.88;5.4
27596;24;1.333;1008;0;36.3;3760;8.6;-0.84;4.8
27938;24;1.333;1005;0;36.3;3750;7.8;-1.16;5.4
27938;24;1.333;1004;0;36.3;3740;7.8;-1.12;5.4
28293;23;1.333;1003;0;36.2;3760;9.2;-1.2;4.6
28633;23;1.322;1006;0;36.2;3740;8.8;-1.84;4.4
28977;23;1.322;998;0;36.2;3760;8.6;-1.56;4.6
28977;23;1.322;1006;0;36.2;3730;8.8;-1.36;4.6
29323;23;1.322;1020;0;36.2;3750;8.6;-1.92;4.4
29677;23;1.322;1007;0;36.3;3740;8.4;-1.8;4.8
29677;23;1.322;1008;0;36.3;3750;8.6;-1.88;4.4
30021;23;1.322;1006;0;36.3;3770;8.6;-1.92;5
30371;24;1.322;1012;0;36.3;3740;8.6;-1.96;4.6
30718;24;1.327;1002;0;36.3;3750;8.4;-1.6;5.2
30718;24;1.327;1004;0;36.3;3740;9.2;-1.48;4.4
31067;24;1.327;1003;0;36.3;3750;9.6;-0.36;4.6
31803;24;1.327;1006;0;36.3;3740;8.8;-1.96;4.4
31803;24;1.327;1005;0;36.3;3760;8.8;-1.24;4.4
31803;24;1.327;1002;0;36.3;3760;8.2;-1.6;5
33085;24;1.327;1006;0;36.3;3740;8.8;-1.64;4.4
33085;24;1.327;1006;0;36.3;3750;8.6;-1.84;4.4
33085;24;1.327;1007;0;36.3;3750;8.6;-2.2;4
33085;24;1.327;1007;0;36.3;3760;8.6;-2.4;4.2
33085;24;1.327;1005;0;36.3;3740;8.4;-2;4.2
34084;24;1.327;1005;0;36.3;3760;8.6;-2.4;4.6
34084;24;1.327;1004;0;36.3;3750;8.8;-2.2;3.4
34084;24;1.327;1005;0;36.3;3750;8.4;-2.8;4.2
34084;24;1.327;1004;0;36.3;3750;8.8;-1.4;4.2
35097;24;1.45;1006;0;36.3;3750;9.4;-1.84;4.4
35097;23;1.45;1007;0;36.3;3750;8.6;-2.2;4.4
35097;23;1.45;1006;0;36.3;3750;8.6;-2.4;4
35097;23;1.327;1005;0;36.3;3750;8.6;-1.96;3.8
36100;24;1.45;1005;0;36.3;3750;8.6;-2.2;4.8
36100;24;1.45;1004;0;36.3;3740;8.6;-1.6;4
36100;24;1.45;1006;0;36.3;3760;8.8;-2.2;4
36100;24;1.45;1006;0;36.3;3740;8.8;-1.92;3.8
37085;25;1.45;1004;0;36.3;3760;8.4;-1.44;4.4
37085;25;1.45;1005;0;36.3;3740;8.4;-1.68;4.8
37085;25;1.45;1005;0;36.3;3750;8.6;-1.64;4.6
37085;25;1.45;1005;0;36.3;3750;8.8;-1.84;4.4
38094;25;1.45;1004;0;36.3;3750;8.6;-1.4;4.8
38094;25;1.45;1004;0;36.3;3760;8.4;-1.2;4.6
38094;25;1.45;1005;0;36.3;3740;8.8;-1.08;4.8
38094;25;1.45;1005;0;36.3;3750;8;-1.84;4.4
39098;25;1.45;1004;0;36.3;3750;8.6;-0.96;4.8
39098;25;1.45;1005;0;36.3;3740;9;-1.24;3.8
39098;25;1.45;1006;0;36.3;3750;8.2;-1.72;5.4
39098;25;1.45;1005;0;36.3;3750;8.4;-1.28;4.8
39944;25;1.45;1000;0;36.3;3740;7.6;-0.24;5.6
39944;25;1.45;1003;0;36.3;3750;8.6;-0.12;4.8
39944;25;1.45;1004;0;36.3;3750;8.4;-0.8;5.2
39944;25;1.45;1005;0;36.3;3750;9;-1.36;4.2
41137;25;1.45;1003;0;36.3;3740;8.8;-1;4.6
41137;25;1.45;1005;0;36.3;3740;9;-1;4.6
41137;25;1.45;1002;0;36.3;3750;9;-0.96;4.4
41137;25;1.45;998;0;36.3;3760;8.4;0;4.6
42069;25;1.45;1010;0;36.3;3730;9.2;-1;4
42069;25;1.45;1006;0;36.3;3730;9;-1.16;3.8
42069;25;1.45;1008;0;36.3;3750;8.8;-1.92;3.4
42069;25;1.45;1006;0;36.3;3740;9.4;-1.08;3.6
43105;25;1.45;1010;0;36.3;3740;8.8;-1.16;4.2
43105;25;1.45;1010;0;36.3;3760;9.4;-0.84;4.8
43105;25;1.45;1010;0;36.3;3750;8.6;-1.2;4.2
43105;25;1.45;1009;0;36.3;3750;8.6;-1.16;4.2
44081;25;1.45;1007;0;36.3;3740;8.4;-1;5
44081;25;1.45;1007;0;36.3;3750;9;-1.8;4.2
44081;25;1.45;1007;0;36.3;3730;8.4;-1.4;4.6
44081;25;1.45;1008;0;36.3;3740;8.4;-1.68;4.6
45103;26;1.45;1007;0;36.4;3750;8.6;-2.4;4.2
45103;26;1.45;1006;0;36.3;3750;8.6;-2.2;4.4
45103;26;1.45;1005;0;36.3;3740;9;-1.52;4.4
45103;25;1.45;1006;0;36.3;3750;8.6;-1.96;4.6
46083;26;1.45;1007;0;36.4;3750;8.8;-1.92;4
46083;26;1.45;1008;0;36.4;3750;8.8;-1.96;4.2
46083;26;1.45;1007;0;36.4;3750;8.6;-2.2;4
46083;26;1.45;1007;0;36.4;3740;8.8;-2.2;4
47094;26;1.45;1010;0;36.3;3750;8.6;-1.56;4.2
47094;26;1.45;1009;0;36.3;3750;8.8;-1.8;4.4
47094;26;1.45;1008;0;36.3;3750;8.8;-1.68;4.2
47094;26;1.45;1008;0;36.3;3730;8.8;-1.92;4
48094;25;1.552;1011;0;36.3;3740;8.6;-1.32;4.2
48094;25;1.552;1012;0;36.3;3750;9;-1.32;4.2
48094;25;1.45;1010;0;36.3;3750;8.8;-1.6;4.2
48094;26;1.45;1010;0;36.3;3740;8.8;-1.72;4.2
49084;26;1.607;1011;0;36.3;3750;8.8;-1.44;4.4
49084;26;1.607;1012;0;36.3;3740;8.6;-1.36;4.4
49084;26;1.607;1012;0;36.3;3750;8.8;-1.28;4.6
49084;26;1.552;1012;0;36.3;3740;8.8;-1.32;4.4
50091;25;1.607;1012;0;36.3;3760;8.8;-1.44;4.4
50091;25;1.607;1012;0;36.3;3760;8.8;-1.44;4.4
50091;26;1.607;1012;0;36.3;3750;8.6;-1.44;4.4
50091;26;1.607;1012;0;36.3;3750;8.8;-1.4;4.4
51095;27;1.607;1009;0;36.3;3750;8.8;-1.12;4.2
51095;27;1.607;1012;0;36.3;3740;8.6;-1.32;4.2
51095;27;1.607;1012;0;36.3;3750;8.8;-1.44;4.4
51095;25;1.607;1012;0;36.3;3750;8.6;-1.4;4.4
52067;29;1.577;1016;0;36.3;3750;8.8;-2.2;4
52067;29;1.577;1016;0;36.3;3750;8.8;-2.4;4.2
52067;29;1.577;1015;0;36.3;3750;8.8;-2.4;3.8
52067;29;1.607;1013;0;36.3;3740;8.8;-2.6;3.8
53095;29;1.577;1015;0;36.3;3740;8.8;-2.6;3.6
53095;29;1.577;1015;0;36.3;3750;8.8;-1.84;3.8
53095;29;1.577;1015;0;36.3;3750;8.8;-1.8;3.6
53095;29;1.577;1017;0;36.3;3740;8.6;-2.6;3.8
54027;28;1.577;1010;0;36.4;3750;8.8;-3;4.2
54027;28;1.577;1012;0;36.3;3740;9;-3.6;3.8
54027;28;1.577;1014;0;36.3;3750;8.6;-3.2;3.8
54027;28;1.577;1015;0;36.3;3740;8.4;-3;3.6
54366;28;1.577;1010;0;36.4;3750;9.2;-2.6;3.4
54713;30;1.575;1011;0;36.4;3740;8.8;-2.2;4.2
54713;30;1.577;1012;0;36.4;3750;8.2;-1.88;4
55056;30;1.575;1011;0;36.4;3740;8.8;-2.2;4
55397;30;1.575;1010;0;36.4;3750;8.4;-2.6;3.4
55740;30;1.575;1010;0;36.3;3750;8.6;-2.2;4.4
55740;30;1.575;1011;0;36.3;3740;8.8;-2;4.4
56087;30;1.575;1009;0;36.3;3740;8.8;-2.2;4.4
56429;30;1.575;1009;0;36.3;3750;8.6;-2.4;4.2
56771;30;1.575;1013;0;36.3;3740;8.8;-2.4;4.2
56771;30;1.575;1010;0;36.3;3750;8.8;-2.2;4.2
57130;30;1.575;1010;0;36.3;3740;8.6;-2.4;4.2
58053;33;1.575;1013;0;36.3;3750;8.6;-2.2;3.8
58053;33;1.575;1010;0;36.3;3760;9;-2;4.4
58053;33;1.575;1008;0;36.3;3750;8.4;-1.68;4.4
58053;30;1.575;1003;0;36.3;3740;8.6;-2.4;3.8
59081;35;1.575;1011;0;36.3;3760;8.6;-1.68;3.8
59081;35;1.575;1013;0;36.3;3750;9;-1.32;4.2
59081;35;1.575;973;0;36.3;3750;8.8;-1.64;4
59081;32;1.575;1018;0;36.3;3760;8.8;-1.76;4.2
59863;35;1.575;1012;0;36.3;3750;8.8;-1.44;4.2
59863;35;1.575;1012;0;36.3;3750;8.8;-1.36;4.2
59863;35;1.575;1014;0;36.3;3750;8.6;-1.32;4.2
61205;35;1.575;1013;0;36.3;3750;8.8;-1.24;4.4
61205;35;1.575;1013;0;36.3;3750;8.6;-1.32;4.4
61205;35;1.575;1013;0;36.3;3740;8.8;-1.2;4.4
61205;35;1.575;1013;0;36.3;3740;8.8;-1.24;4.4
61205;35;1.575;1012;0;36.3;3740;8.8;-1.44;4.2
62043;35;1.575;1013;0;36.4;3760;8.8;-1.48;4.2
62043;35;1.575;1013;0;36.3;3740;8.6;-1.44;4.2
62043;35;1.575;1012;0;36.3;3750;8.8;-1.32;4.2
62043;35;1.575;1014;0;36.3;3760;8.8;-1.28;4.2
63133;35;1.575;1013;0;36.4;3750;8.8;-1.44;4.2
63133;35;1.575;1013;0;36.4;3750;8.8;-1.44;4.4
63133;35;1.575;1013;0;36.4;3740;8.8;-1.48;4.2
63133;35;1.575;1013;0;36.4;3740;8.6;-1.44;4.2
64072;35;1.575;1014;0;36.3;3730;8.8;-1.32;4.4
64072;35;1.575;1014;0;36.3;3750;8.8;-1.36;4.2
64072;35;1.575;1014;0;36.3;3740;8.8;-1.44;4.2
64072;35;1.575;1014;0;36.3;3750;8.6;-1.4;4
65096;35;1.575;1014;0;36.4;3740;8.8;-1.32;4.2
65096;35;1.575;1015;0;36.4;3750;8.6;-1.32;4.2
65096;35;1.575;1014;0;36.4;3740;8.8;-1.32;4.2
65096;35;1.575;1014;0;36.3;3740;8.8;-1.36;4.2
66088;35;1.575;1015;0;36.4;3740;8.6;-1.56;4.4
66088;35;1.575;1015;0;36.4;3740;8.8;-1.48;4.2
66088;35;1.575;1014;0;36.4;3730;8.8;-1.44;4.4
66088;35;1.575;1013;0;36.4;3740;8.8;-1.36;4.4
67088;35;1.575;1014;0;36.3;3770;8.8;-1.48;4
67088;35;1.575;1015;0;36.4;3740;8.8;-1.52;4
67088;35;1.575;1014;0;36.4;3730;8.8;-1.64;4.2
67088;35;1.575;1015;0;36.4;3750;8.6;-1.56;4.2
68105;35;1.575;1015;0;36.3;3750;8.8;-1.24;4.6
68105;35;1.575;1015;0;36.3;3740;8.6;-1.24;4.4
68105;35;1.575;1015;0;36.3;3740;8.6;-1.2;4.6
68105;35;1.575;1015;0;36.3;3740;8.8;-1.4;4.4
69105;35;1.575;1016;0;36.4;3770;8.6;-1.32;4.4
69105;35;1.575;1016;0;36.4;3760;8.6;-1.2;4.2
69105;35;1.575;1016;0;36.4;3760;8.6;-1.28;4.4
69105;35;1.575;1015;0;36.4;3740;8.6;-1.2;4.4
70089;29;1.575;1015;0;36.3;3750;8.6;-1.36;4.4
70089;29;1.575;1015;0;36.3;3750;8.6;-1.36;4.4
70089;29;1.575;1015;0;36.3;3750;8.6;-1.4;4.4
70089;35;1.575;1015;0;36.4;3740;8.6;-1.32;4.4
71090;29;1.575;1015;0;36.3;3750;8.6;-1.32;4.4
71090;29;1.575;1016;0;36.3;3750;8.6;-1.32;4.4
71090;29;1.575;1015;0;36.3;3740;8.6;-1.32;4.4
71090;29;1.575;1015;0;36.3;3750;8.6;-1.32;4.4
72088;29;1.575;1016;0;36.3;3750;8.8;-1.2;4.4
72088;29;1.575;1016;0;36.3;3740;8.6;-1.28;4.4
72088;29;1.575;1016;0;36.3;3750;8.6;-1.32;4.4
72088;29;1.575;1016;0;36.3;3750;8.8;-1.32;4.4
73090;28;1.673;1015;0;36.3;3730;8.8;-1.32;4.4
73090;28;1.575;1015;0;36.3;3740;8.8;-1.32;4.4
73090;28;1.575;1016;0;36.3;3740;8.6;-1.24;4.4
73090;29;1.575;1016;0;36.3;3740;8.6;-1.32;4.4
74057;30;1.722;1015;0;36.4;3740;8.8;-1.52;4.2
74057;30;1.722;1016;0;36.4;3740;8.8;-1.4;4.4
74057;30;1.673;1015;0;36.4;3740;8.8;-1.36;4.4
74057;28;1.673;1015;0;36.3;3740;8.6;-1.36;4.4
75108;30;1.694;1016;0;36.3;3750;8.8;-1.28;4.4
75108;30;1.694;1015;0;36.3;3740;8.8;-1.48;4.2
75108;30;1.694;1017;0;36.4;3740;8.8;-1.44;4.4
75108;30;1.722;1016;0;36.4;3750;8.8;-1.52;4.6
76078;30;1.665;1016;0;36.3;3740;8.6;-1.48;4.4
76078;30;1.665;1017;0;36.3;3740;8.8;-1.52;4.4
76078;30;1.665;1018;0;36.3;3740;8.6;-1.4;4.6
76078;30;1.665;1017;0;36.3;3740;8.6;-1.48;4.4
77092;30;1.665;1017;0;36.3;3750;8.6;-1.44;4.4
77092;30;1.665;1016;0;36.3;3740;8.8;-1.44;4.4
77092;30;1.665;1016;0;36.3;3730;8.6;-1.52;4.4
77092;30;1.665;1016;0;36.3;3760;8.6;-1.52;4.4
78095;30;1.665;1017;0;36.4;3750;8.6;-1.44;4.4
78095;30;1.665;1016;0;36.4;3750;8.6;-1.44;4.4
78095;30;1.665;1016;0;36.4;3750;8.6;-1.44;4.4
78095;30;1.665;1016;0;36.3;3750;8.6;-1.48;4.4
79093;30;1.665;1016;0;36.4;3750;8.6;-1.4;4.4
79093;30;1.665;1016;0;36.4;3740;8.6;-1.44;4.4
79093;30;1.665;1016;0;36.4;3750;8.8;-1.44;4.4
79093;30;1.665;1016;0;36.4;3740;8.6;-1.4;4.2
79632;30;1.665;1017;0;36.4;3750;8.8;-1.4;4.4
79632;30;1.665;1016;0;36.4;3750;8.6;-1.48;4.6
79921;30;1.665;1017;0;36.4;3740;8.6;-1.4;4.4
80263;33;1.665;1017;0;36.4;3750;8.8;-1.4;4.4
80263;30;1.665;1017;0;36.4;3770;8.6;-1.4;4.4
80605;33;1.665;1017;0;36.4;3740;8.8;-1.48;4.4
80956;33;1.665;1016;0;36.4;3760;8.6;-1.56;4.4
81302;33;1.64;1016;0;36.4;3740;8.6;-1.56;4.6
81302;33;1.665;1016;0;36.4;3730;8.6;-1.56;4.4
81645;33;1.64;1016;0;36.4;3740;8.6;-1.48;4.4
81987;34;1.64;1016;0;36.4;3740;8.6;-1.48;4.6
82329;34;1.61;1016;0;36.4;3730;8.6;-1.48;4.4
82329;34;1.61;1016;0;36.4;3750;8.8;-1.52;4.4
82671;34;1.61;1016;0;36.4;3740;8.6;-1.48;4.4
83013;34;1.61;1016;0;36.4;3730;8.6;-1.4;4.6
83013;34;1.61;1016;0;36.4;3740;8.6;-1.44;4.4
83357;34;1.61;1016;0;36.4;3740;8.6;-1.44;4.4
83706;34;1.61;1016;0;36.4;3740;8.6;-1.44;4.4
84050;34;1.61;1016;0;36.4;3750;8.6;-1.4;4.6
84050;34;1.61;1016;0;36.4;3740;8.6;-1.44;4.4
84397;34;1.61;1016;0;36.4;3750;8.6;-1.44;4.4
84744;34;1.61;1016;0;36.4;3730;8.4;-1.52;4
85084;34;1.61;1016;0;36.4;3740;8.6;-1.52;4.4
85084;34;1.61;1016;0;36.4;3750;8.6;-1.56;4.4
85426;34;1.61;1016;0;36.4;3760;8.6;-1.56;4.4
85779;32;1.61;1016;0;36.4;3760;8.6;-1.48;4.6
85779;32;1.61;1016;0;36.4;3750;8.6;-1.52;4.4
86110;32;1.61;1016;0;36.4;3740;8.6;-1.48;4.4
86463;32;1.61;1016;0;36.4;3750;8.6;-1.52;4.2
86794;32;1.61;1016;0;36.3;3740;8.6;-1.36;4.4
86794;32;1.61;1016;0;36.3;3750;8.6;-1.36;4.4
87145;32;1.61;1016;0;36.3;3740;8.6;-1.4;4.4
87488;32;1.61;1016;0;36.3;3750;8.6;-1.4;4.4
87834;32;1.61;1016;0;36.4;3740;8.6;-1.32;4.4
87834;32;1.61;1016;0;36.3;3740;8.8;-1.36;4.4
88176;32;1.61;1016;0;36.4;3730;8.6;-1.28;4.6
88520;32;1.61;1016;0;36.4;3740;8.6;-1.32;4.6
88520;32;1.61;1016;0;36.4;3740;8.6;-1.32;4.4
88863;32;1.61;1016;0;36.4;3730;8.6;-1.32;4.4
89205;32;1.61;1016;0;36.4;3740;8.6;-1.36;4.4
89548;32;1.61;1016;0;36.4;3750;8.6;-1.48;4.4
89548;32;1.61;1016;0;36.4;3750;8.8;-1.4;4.6
89891;29;1.61;1017;0;36.4;3740;8.6;-1.52;4.4
90248;29;1.59;1016;0;36.4;3750;8.8;-1.52;4.4
90608;29;1.59;1016;0;36.4;3750;8.6;-1.52;4.2
90608;29;1.59;1016;0;36.4;3750;8.6;-1.52;4.4
90965;29;1.59;1016;0;36.4;3750;8.8;-1.44;4.2
91306;29;1.59;1016;0;36.4;3730;8.6;-1.24;4.4
91306;29;1.59;1016;0;36.4;3720;8.6;-1.28;4.4
91650;29;1.59;1016;0;36.4;3740;8.6;-1.28;4.4
91992;29;1.59;1016;0;36.4;3750;8.8;-1.28;4.4
92350;28;1.59;1016;0;36.4;3740;8.8;-1.44;4.4
92350;28;1.59;1016;0;36.4;3740;8.8;-1.28;4.6
92676;28;1.59;1016;0;36.4;3760;8.8;-1.44;4.4
93034;28;1.59;1016;0;36.4;3750;8.8;-1.52;4.6
93034;28;1.59;1016;0;36.4;3750;8.6;-1.56;4.4
93359;28;1.59;1016;0;36.4;3740;8.6;-1.48;4.4
93702;28;1.59;1016;0;36.4;3760;8.8;-1.4;4.6
94059;28;1.581;1016;0;36.4;3740;8.6;-1.4;4.4
94059;28;1.581;1016;0;36.4;3720;8.8;-1.44;4.4
94402;28;1.581;1017;0;36.4;3750;8.6;-1.4;4.4
94744;28;1.581;1016;0;36.4;3750;8.8;-1.48;4.4
95086;28;1.581;1017;0;36.4;3750;8.6;-1.44;4.4
95086;28;1.581;1016;0;36.4;3750;8.6;-1.44;4.4
95428;28;1.581;1017;0;36.4;3730;8.6;-1.44;4.4
95770;28;1.558;1017;0;36.4;3760;8.6;-1.36;4.4
95770;28;1.558;1017;0;36.4;3740;8.8;-1.4;4.6
96112;28;1.558;1017;0;36.4;3750;8.6;-1.4;4.4
96472;28;1.558;1017;0;36.4;3750;8.8;-1.36;4.4
96796;28;1.558;1017;0;36.4;3750;8.6;-1.4;4.4
96796;28;1.558;1017;0;36.4;3740;8.6;-1.36;4.4
97137;28;1.558;1017;0;36.4;3740;8.6;-1.44;4.4
97480;28;1.558;1016;0;36.4;3740;8.6;-1.48;4.4
97835;28;1.558;1016;0;36.4;3750;8.6;-1.48;4.4
97835;28;1.558;1016;0;36.4;3750;8.8;-1.44;4.4
98178;29;1.558;1016;0;36.4;3740;8.8;-1.44;4.8
98521;29;1.558;1016;0;36.4;3730;8.6;-1.36;4.4
98870;29;1.558;1016;0;36.4;3740;8.6;-1.4;4.4
98870;29;1.558;1016;0;36.4;3760;8.6;-1.4;4.4
99211;29;1.558;1016;0;36.4;3750;8.6;-1.36;4.4
99556;29;1.558;1016;0;36.4;3750;8.6;-1.36;4.4
99556;29;1.558;1016;0;36.4;3750;8.6;-1.36;4.6
99900;29;1.558;1016;0;36.4;3750;8.6;-1.36;4.4
100243;29;1.558;1016;0;36.4;3760;8.6;-1.28;4.4
100588;28;1.558;1017;0;36.4;3740;8.6;-1.36;4.4
100588;29;1.558;1016;0;36.4;3740;8.6;-1.32;4.4
100930;28;1.551;1015;0;36.4;3740;8.6;-1.32;4.4
101277;28;1.551;1015;0;36.4;3760;8.8;-1.04;4.4
101620;28;1.551;1008;0;36.4;3760;9.2;-0.64;1.68
101620;28;1.551;1011;0;36.4;3740;8.8;-0.92;3.8
101964;28;1.551;1016;0;36.4;3750;9.6;-0.52;-0.68
102305;27;1.551;1017;0;36.4;3760;9.8;-1.2;0.64
102305;28;1.551;1012;0;36.4;3750;9.4;-0.76;-1.24
102653;27;1.556;1018;0;36.4;3770;8.8;-0.72;1.28
102994;27;1.556;1021;0;36.4;3760;9.6;-1;-1.04
103338;27;1.556;1021;0;36.4;3750;9.2;-1.16;-3.4
103338;27;1.556;1027;0;36.4;3750;8.8;-0.84;-2.6
103680;27;1.556;1018;0;36.4;3740;9.4;-0.92;-4.4
104023;27;1.556;1020;0;36.4;3750;8.8;-1.4;-3.8
104368;27;1.556;1021;0;36.4;3740;8.8;-1.64;-3.4
104368;27;1.556;1018;0;36.4;3740;9;-1.48;-3.4
104709;27;1.556;1021;0;36.4;3730;8.8;-1.84;-3.6
105058;34;1.558;1025;0;36.4;3750;8.8;-1.68;-3.6
105058;34;1.556;1024;0;36.4;3750;8.6;-1.68;-3.6
105393;34;1.558;1028;0;36.4;3750;8.6;-1.76;-3.4
105738;34;1.558;1031;0;36.4;3740;8.8;-1.92;-3.4
106081;34;1.558;1032;0;36.4;3750;8.6;-1.8;-3.6
106081;34;1.558;1032;0;36.4;3740;8.6;-1.84;-3.6
106422;34;1.558;1032;0;36.4;3750;8.8;-1.56;-3.6
106765;34;1.558;1036;0;36.4;3760;8.6;-1.56;-4
107107;32;1.539;1034;0;36.4;3750;8.6;-1.6;-4
107107;32;1.558;1031;0;36.4;3750;8.6;-1.64;-3.8
107449;32;1.539;1034;0;36.4;3740;8.6;-1.44;-3.8
107791;32;1.539;1036;0;36.4;3730;8.6;-1.6;-4
107791;32;1.539;1036;0;36.4;3740;8.8;-1.36;-3.8
108133;32;1.539;1037;0;36.4;3750;8.8;-1.56;-3.8
108476;32;1.539;1036;0;36.4;3760;8.8;-1.48;-3.6
108818;32;1.539;1038;0;36.4;3750;8.6;-1.48;-3.8
108818;32;1.539;1037;0;36.4;3740;8.6;-1.48;-3.8
109161;32;1.539;1039;0;36.4;3730;8.8;-1.52;-3.8
109503;32;1.539;1038;0;36.4;3750;8.6;-1.52;-3.6
109845;32;1.539;1038;0;36.4;3740;8.8;-1.6;-3.6
109845;32;1.539;1038;0;36.4;3750;8.6;-1.56;-3.6
110187;32;1.539;1038;0;36.4;3740;8.8;-1.72;-3.8
110529;32;1.539;1039;0;36.4;3750;8.8;-1.6;-3.6
110880;32;1.539;1038;0;36.4;3760;8.8;-1.68;-3.6
110880;32;1.539;1038;0;36.4;3740;8.8;-1.6;-3.6
111221;32;1.539;1038;0;36.4;3740;8.8;-1.64;-3.6
111568;32;1.539;1038;0;36.4;3730;8.6;-1.68;-3.6
111568;32;1.539;1038;0;36.4;3740;8.6;-1.6;-3.8
111910;32;1.539;1039;0;36.4;3740;8.8;-1.68;-3.6
112253;32;1.539;1038;0;36.4;3770;8.8;-1.68;-3.6
112596;32;1.539;1038;0;36.4;3750;8.8;-1.76;-3.6
112596;32;1.539;1038;0;36.4;3750;8.6;-1.68;-3.6
112938;32;1.539;1037;0;36.4;3750;8.8;-1.8;-3.6
113279;32;1.539;1038;0;36.4;3730;8.6;-1.72;-3.6
113623;32;1.539;1038;0;36.4;3740;8.8;-1.76;-3.6
113623;32;1.539;1038;0;36.4;3740;8.8;-1.72;-3.6
113967;29;1.539;1038;0;36.5;3740;8.8;-1.84;-3.6
114315;29;1.539;1039;0;36.5;3760;8.8;-1.68;-3.6
114315;29;1.539;1039;0;36.5;3750;8.8;-1.64;-3.6
114656;29;1.539;1038;0;36.5;3750;8.8;-1.68;-3.8
114999;29;1.539;1039;0;36.5;3740;8.8;-1.64;-3.6
115344;29;1.539;1039;0;36.4;3730;8.8;-1.6;-3.6
115344;29;1.539;1039;0;36.4;3740;8.6;-1.56;-3.6
115693;29;1.539;1039;0;36.4;3740;8.8;-1.64;-3.6
116037;29;1.539;1039;0;36.4;3740;8.6;-1.64;-3.6
116384;29;1.539;1039;0;36.4;3750;8.8;-1.64;-3.6
116384;29;1.539;1039;0;36.4;3750;8.8;-1.64;-3.6
116727;29;1.539;1039;0;36.4;3730;8.8;-1.64;-3.8
117073;29;1.539;1039;0;36.4;3750;8.8;-1.64;-3.6
117073;29;1.539;1039;0;36.4;3750;8.8;-1.64;-3.8
117417;27;1.539;1038;0;36.4;3730;8.8;-1.64;-3.6
117768;27;1.539;1039;0;36.4;3740;8.8;-1.64;-3.6
118111;27;1.539;1039;0;36.4;3740;8.8;-1.72;-3.6
118111;27;1.539;1039;0;36.4;3760;8.8;-1.68;-3.6
118462;27;1.539;1039;0;36.4;3750;8.8;-1.6;-3.6
118805;27;1.539;1039;0;36.4;3740;8.8;-1.64;-3.6
119158;27;1.539;1039;0;36.4;3740;8.8;-1.72;-3.6
119158;27;1.539;1039;0;36.4;3740;8.8;-1.68;-3.6
119503;27;1.539;1039;0;36.4;3750;8.8;-1.64;-3.6
119847;27;1.539;1039;0;36.4;3750;8.8;-1.64;-3.6
119847;27;1.539;1039;0;36.4;3750;8.8;-1.64;-3.6
120200;26;1.539;1039;0;36.4;3750;8.8;-1.64;-3.6
120533;26;1.529;1040;0;36.4;3740;8.8;-1.56;-3.6
120877;26;1.529;1040;0;36.4;3750;8.8;-1.56;-3.6
120877;26;1.529;1040;0;36.4;3750;8.8;-1.56;-3.8
121219;26;1.529;1040;0;36.4;3760;8.6;-1.64;-3.6
121562;26;1.586;1040;0;36.5;3740;8.8;-1.64;-3.6
121562;26;1.586;1040;0;36.5;3750;8.8;-1.68;-3.6
121905;26;1.586;1040;0;36.5;3750;8.8;-1.68;-3.6
122258;26;1.586;1039;0;36.5;3760;8.8;-1.64;-3.6
122588;26;1.586;1039;0;36.5;3750;8.8;-1.64;-3.6
122588;26;1.586;1040;0;36.5;3740;8.8;-1.72;-3.6
122938;26;1.586;1039;0;36.4;3740;8.8;-1.6;-3.6
123280;26;1.586;1040;0;36.4;3750;8.8;-1.56;-3.6
123630;26;1.586;1040;0;36.4;3740;8.8;-1.56;-3.6
123630;26;1.586;1040;0;36.4;3760;8.8;-1.56;-3.6
123976;26;1.586;1040;0;36.4;3740;8.8;-1.64;-3.4
124317;26;1.586;1041;0;36.5;3740;8.8;-1.64;-3.6
124317;26;1.586;1040;0;36.5;3750;8.8;-1.64;-3.6
124662;26;1.586;1039;0;36.5;3740;8.8;-1.68;-3.6
125015;26;1.586;1040;0;36.5;3740;8.8;-1.64;-3.6
125344;26;1.586;1040;0;36.5;3760;8.8;-1.6;-3.6
125344;26;1.586;1040;0;36.5;3750;8.8;-1.64;-3.6
125687;26;1.586;1040;0;36.5;3740;8.8;-1.76;-3.6
126030;26;1.586;1040;0;36.5;3740;8.8;-1.72;-3.6
126375;26;1.586;1039;0;36.5;3750;8.6;-1.64;-3.6
126375;26;1.586;1040;0;36.5;3740;8.8;-1.72;-3.6
126718;26;1.586;1040;0;36.5;3750;8.8;-1.64;-3.6
127060;26;1.586;1040;0;36.5;3750;8.8;-1.68;-3.6
127403;26;1.586;1040;0;36.5;3760;8.8;-1.68;-3.6
127403;26;1.586;1040;0;36.5;3770;8.8;-1.68;-3.6
127750;26;1.586;1041;0;36.5;3750;8.8;-1.64;-3.6
128095;26;1.586;1040;0;36.5;3750;8.8;-1.6;-3.6
128095;26;1.586;1040;0;36.5;3730;8.8;-1.64;-3.6
128448;26;1.586;1040;0;36.5;3740;8.8;-1.64;-3.6
128781;26;1.586;1040;0;36.5;3740;8.8;-1.68;-3.6
129133;26;1.586;1041;0;36.5;3740;8.8;-1.6;-3.6
129133;26;1.586;1040;0;36.5;3750;8.8;-1.64;-3.4
129466;26;1.586;1041;0;36.5;3740;8.8;-1.64;-3.6
129821;26;1.586;1040;0;36.5;3760;8.8;-1.64;-3.6
130162;26;1.586;1041;0;36.5;3740;8.8;-1.68;-3.6
130162;26;1.586;1040;0;36.5;3750;8.6;-1.6;-3.6
130504;26;1.586;1041;0;36.5;3750;8.8;-1.68;-3.6
130847;26;1.586;1041;0;36.5;3760;8.8;-1.64;-3.4
130847;26;1.586;1041;0;36.5;3750;8.8;-1.68;-3.6
131188;26;1.586;1041;0;36.5;3730;8.8;-1.6;-3.6
131536;26;1.586;1041;0;36.5;3750;8.8;-1.6;-3.6
131877;26;1.586;1041;0;36.5;3750;8.8;-1.64;-3.6
131877;26;1.586;1040;0;36.5;3750;8.8;-1.56;-3.6
132221;26;1.586;1040;0;36.5;3750;8.8;-1.6;-3.6
132574;26;1.586;1040;0;36.5;3750;8.8;-1.64;-3.6
132907;26;1.586;1040;0;36.5;3740;8.8;-1.76;-3.6
132907;26;1.586;1040;0;36.5;3730;8.8;-1.76;-3.6
133260;26;1.586;1040;0;36.5;3740;8.8;-1.72;-3.6
133605;26;1.586;1040;0;36.5;3740;8.8;-1.68;-3.6
133605;26;1.586;1040;0;36.5;3760;8.8;-1.68;-3.6
133954;26;1.586;1040;0;36.5;3740;8.8;-1.76;-3.6
134297;26;1.586;1041;0;36.5;3740;8.8;-1.64;-3.6
134651;20;1.586;1041;0;36.5;3750;8.6;-1.6;-3.6
134651;20;1.586;1040;0;36.5;3740;8.8;-1.68;-3.6
134992;20;1.586;1041;0;36.5;3750;8.8;-1.68;-3.8
135344;20;1.586;1042;0;36.5;3760;8.8;-1.56;-3.4
135344;20;1.586;1040;0;36.5;3740;8.6;-1.6;-3.6
135690;20;1.586;1040;0;36.5;3750;8.8;-1.72;-3.4
136041;20;1.586;1040;0;36.5;3750;8.8;-1.72;-3.4
136385;20;1.586;1041;0;36.5;3740;8.8;-1.64;-3.4
136385;20;1.586;1042;0;36.5;3760;8.8;-1.6;-3.6
136730;20;1.586;1041;0;36.5;3740;8.8;-1.68;-3.4
137073;20;1.586;1041;0;36.5;3740;8.8;-1.72;-3.4
137426;20;1.586;1041;0;36.5;3770;9;-1.6;-3.6
137426;20;1.586;1041;0;36.5;3750;8.8;-1.64;-3.4
137757;20;1.586;1041;0;36.5;3730;8.6;-1.64;-3.6
138110;20;1.586;1041;0;36.5;3740;8.8;-1.64;-3.6
138110;20;1.586;1041;0;36.5;3740;8.8;-1.68;-3.4
138442;20;1.586;1041;0;36.5;3750;8.8;-1.68;-3.6
138788;20;1.586;1041;0;36.5;3740;8.8;-1.64;-3.6
139130;20;1.586;1041;0;36.5;3750;8.8;-1.64;-3.6
139130;20;1.586;1041;0;36.5;3750;8.6;-1.52;-3.8
139484;20;1.586;1041;0;36.5;3750;8.8;-1.6;-3.6
139814;20;1.586;1041;0;36.5;3740;8.8;-1.6;-3.6
140157;19;1.624;1040;0;36.5;3740;8.8;-1.6;-3.6
140157;19;1.586;1041;0;36.5;3730;8.8;-1.64;-3.4
140500;19;1.624;1041;0;36.5;3740;8.8;-1.56;-3.6
140845;19;1.624;1042;0;36.5;3740;8.8;-1.64;-3.6
140845;19;1.624;1041;0;36.5;3740;8.8;-1.6;-3.6
141188;19;1.624;1040;0;36.5;3740;8.8;-1.6;-3.6
141532;19;1.624;1041;0;36.5;3750;8.8;-1.56;-3.6
141877;19;1.624;1040;0;36.5;3740;8.8;-1.68;-3.6
141877;19;1.624;1041;0;36.5;3730;8.8;-1.64;-3.4
142220;19;1.624;1040;0;36.5;3740;8.6;-1.56;-3.6
142564;19;1.624;1041;0;36.5;3740;8.8;-1.68;-3.6
142917;19;1.624;1041;0;36.5;3750;8.8;-1.68;-3.4
142917;19;1.624;1041;0;36.5;3750;8.8;-1.64;-3.6
143259;19;1.624;1041;0;36.5;3750;8.8;-1.68;-3.6
143613;18;1.624;1041;0;36.5;3730;8.8;-1.56;-3.8
143613;19;1.624;1041;0;36.5;3750;8.8;-1.68;-3.6
143946;18;1.618;1041;0;36.5;3750;8.8;-1.6;-3.6
144296;18;1.618;1041;0;36.5;3740;8.8;-1.68;-3.6
144637;18;1.618;1041;0;36.5;3740;8.8;-1.64;-3.6
144637;18;1.618;1041;0;36.5;3750;8.8;-1.6;-3.6
144991;18;1.618;1041;0;36.5;3740;8.8;-1.6;-3.6
145337;18;1.618;1041;0;36.5;3740;8.8;-1.72;-3.4
145680;18;1.618;1041;0;36.5;3750;8.8;-1.76;-3.6
145680;18;1.618;1041;0;36.5;3750;8.8;-1.72;-3.6
146023;18;1.618;1041;0;36.5;3730;8.6;-1.72;-3.4
146376;18;1.618;1041;0;36.5;3750;8.8;-1.68;-3.4
146376;18;1.618;1041;0;36.5;3740;8.8;-1.64;-3.4
146708;18;1.618;1041;0;36.5;3740;8.8;-1.68;-3.6
147051;18;1.618;1042;0;36.5;3750;8.8;-1.68;-3.6
147395;18;1.618;1042;0;36.5;3740;8.8;-1.68;-3.6
147395;18;1.618;1042;0;36.5;3750;8.8;-1.68;-3.6
147747;18;1.618;1041;0;36.5;3750;8.8;-1.64;-3.6
148090;18;1.618;1041;0;36.5;3750;8.8;-1.64;-3.6
148444;18;1.618;1041;0;36.5;3770;8.8;-1.64;-3.6
148444;18;1.618;1042;0;36.5;3730;8.8;-1.64;-3.6
148786;18;1.618;1042;0;36.5;3750;8.8;-1.68;-3.4
149127;18;1.618;1041;0;36.5;3750;8.8;-1.64;-3.6
149127;18;1.618;1042;0;36.5;3740;8.8;-1.64;-3.6
149469;18;1.618;1041;0;36.5;3740;8.8;-1.64;-3.6
149812;18;1.618;1041;0;36.5;3740;8.8;-1.56;-3.6
150154;18;1.618;1041;0;36.6;3740;8.8;-1.56;-3.6
150154;18;1.618;1042;0;36.6;3730;8.8;-1.64;-3.6
150506;18;1.618;1041;0;36.6;3750;8.8;-1.64;-3.6
150853;18;1.618;1042;0;36.6;3750;8.8;-1.68;-3.6
150853;18;1.618;1041;0;36.6;3740;8.8;-1.6;-3.6
151195;18;1.618;1042;0;36.5;3760;8.8;-1.64;-3.6
151541;18;1.618;1042;0;36.5;3750;8.8;-1.64;-3.6
151885;18;1.618;1041;0;36.5;3730;8.8;-1.68;-3.6
151885;18;1.618;1041;0;36.5;3740;8.8;-1.72;-3.6
152239;17;1.618;1041;0;36.5;3730;8.6;-1.68;-3.8
152586;17;1.715;1041;0;36.5;3730;8.6;-1.64;-3.6
152936;17;1.715;1041;0;36.5;3740;8.8;-1.72;-3.4
152936;17;1.715;1041;0;36.5;3750;8.8;-1.72;-3.6
153277;17;1.715;1041;0;36.5;3730;8.8;-1.68;-3.6
153626;17;1.715;1042;0;36.5;3740;8.8;-1.64;-3.6
153626;17;1.715;1042;0;36.5;3740;8.6;-1.68;-3.6
153970;17;1.715;1041;0;36.5;3730;8.8;-1.64;-3.6
154321;17;1.715;1041;0;36.5;3730;8.6;-1.76;-3.6
154655;17;1.715;1042;0;36.5;3740;8.8;-1.68;-3.6
154655;17;1.715;1042;0;36.5;3750;8.8;-1.6;-3.8
155006;17;1.715;1042;0;36.5;3750;8.8;-1.64;-3.6
155353;17;1.715;1041;0;36.5;3750;8.8;-1.64;-3.6
155705;17;1.715;1042;0;36.5;3740;8.8;-1.68;-3.6
155705;17;1.715;1042;0;36.5;3740;8.8;-1.68;-3.6
156039;17;1.715;1042;0;36.5;3750;8.8;-1.68;-3.6
156387;17;1.715;1041;0;36.5;3750;8.8;-1.72;-3.4
156387;17;1.715;1041;0;36.5;3730;8.8;-1.68;-3.6
156735;17;1.715;1041;0;36.5;3750;8.8;-1.72;-3.6
157087;17;1.715;1042;0;36.5;3740;8.8;-1.68;-3.6
157420;16;1.699;1041;0;36.5;3730;8.8;-1.64;-3.6
157420;16;1.715;1041;0;36.5;3740;8.6;-1.68;-3.6
157761;16;1.699;1041;0;36.5;3730;8.8;-1.64;-3.6
158103;16;1.699;1040;0;36.5;3740;8.8;-1.72;-3.6
158448;16;1.699;1040;0;36.5;3750;8.8;-1.64;-3.6
158448;16;1.699;1040;0;36.5;3750;8.6;-1.6;-3.6
158789;16;1.699;1040;0;36.5;3740;8.6;-1.68;-4
159136;16;1.699;1040;0;36.5;3750;8.8;-1.68;-3.6
159136;16;1.699;1040;0;36.5;3750;8.8;-1.72;-3.6
159479;16;1.699;1040;0;36.5;3730;8.8;-1.72;-3.6
159823;16;1.699;1040;0;36.5;3740;9;-1.76;-3.4
160167;16;1.699;1040;0;36.5;3750;8.8;-1.68;-3.6
160167;16;1.699;1040;0;36.5;3740;8.8;-1.72;-3.6
160520;16;1.699;1041;0;36.6;3740;8.8;-1.72;-3.4
160854;16;1.683;1039;0;36.6;3740;8.8;-1.6;-3.6
161203;16;1.683;1040;0;36.6;3740;8.8;-1.68;-3.4
161203;16;1.683;1040;0;36.6;3740;8.8;-1.72;-3.6
161548;16;1.683;1040;0;36.6;3740;8.8;-1.6;-3.6
161893;16;1.683;1040;0;36.6;3750;8.8;-1.68;-3.6
161893;16;1.683;1040;0;36.6;3740;8.8;-1.72;-3.6
162237;16;1.683;1040;0;36.6;3730;8.8;-1.6;-3.6
162579;16;1.683;1040;0;36.6;3740;8.8;-1.6;-3.6
162921;16;1.683;1041;0;36.5;3740;8.8;-1.68;-3.6
162921;16;1.683;1041;0;36.6;3750;8.8;-1.68;-3.6
163261;16;1.683;1040;0;36.5;3750;8.8;-1.64;-3.6
163605;16;1.683;1041;0;36.5;3750;8.8;-1.72;-3.6
163956;16;1.683;1041;0;36.5;3770;8.8;-1.72;-3.6
163956;16;1.683;1041;0;36.5;3750;8.8;-1.72;-3.6
164290;16;1.683;1040;0;36.5;3750;8.8;-1.68;-3.6
164644;16;1.683;1041;0;36.5;3750;8.8;-1.68;-3.6
164644;16;1.683;1041;0;36.5;3740;8.8;-1.72;-3.6
164990;16;1.683;1041;0;36.5;3750;9;-1.72;-3.6
165345;16;1.683;1041;0;36.5;3740;8.8;-1.76;-3.6
165677;16;1.683;1041;0;36.5;3750;9;-1.72;-3.4
165677;16;1.683;1041;0;36.5;3750;8.8;-1.72;-3.6
166031;16;1.683;1041;0;36.5;3750;8.8;-1.68;-3.6
166374;16;1.683;1040;0;36.5;3750;8.6;-1.64;-3.8
166374;16;1.683;1041;0;36.5;3740;8.8;-1.64;-3.6
166727;16;1.683;1040;0;36.5;3740;8.8;-1.64;-3.6
167060;16;1.683;1040;0;36.5;3740;8.8;-1.68;-3.6
167414;16;1.683;1040;0;36.5;3750;8.8;-1.68;-3.6
167414;16;1.683;1040;0;36.5;3760;8.8;-1.64;-3.6
167743;16;1.683;1040;0;36.5;3750;8.8;-1.6;-3.6
168087;16;1.683;1040;0;36.5;3760;8.8;-1.64;-3.6
168428;16;1.683;1040;0;36.5;3730;8.8;-1.64;-3.6
168428;16;1.683;1040;0;36.5;3760;8.8;-1.68;-3.6
168774;16;1.683;1040;0;36.5;3750;8.8;-1.68;-3.6
169115;16;1.683;1040;0;36.5;3750;8.8;-1.68;-3.6
169457;15;1.723;1040;0;36.6;3740;8.8;-1.68;-3.6
169457;15;1.683;1040;0;36.5;3740;8.6;-1.76;-3.6
169801;15;1.723;1040;0;36.6;3750;8.8;-1.68;-3.6
170143;15;1.723;1039;0;36.6;3740;8.6;-1.72;-3.6
170143;15;1.723;1039;0;36.6;3730;8.8;-1.8;-3.6
170487;15;1.723;1040;0;36.6;3750;8.8;-2;-3.4
170831;15;1.723;1040;0;36.6;3740;8.8;-1.8;-3.4
171175;15;1.723;1039;0;36.6;3740;8.6;-1.72;-3.4
171175;15;1.723;1039;0;36.6;3750;8.8;-1.6;-3.4
171529;15;1.723;1040;0;36.6;3750;8.8;-1.8;-3.4
171860;15;1.723;1039;0;36.6;3750;9;-1.72;-3.4
172212;15;1.723;1039;0;36.6;3740;8.8;-1.76;-3.4
172212;15;1.723;1040;0;36.6;3740;8.8;-1.84;-3.4
172543;15;1.723;1039;0;36.6;3740;9;-1.72;-3.4
172887;15;1.723;1040;0;36.6;3730;9;-1.6;-3.4
172887;15;1.723;1040;0;36.6;3740;9;-1.68;-3.6
173229;15;1.723;1040;0;36.6;3750;8.8;-1.68;-3.6
173573;15;1.723;1040;0;36.6;3740;8.8;-1.76;-3.4
173917;15;1.723;1040;0;36.6;3740;8.8;-1.8;-3.6
173917;15;1.723;1040;0;36.6;3750;9;-1.68;-3.4
174267;15;1.723;1040;0;36.6;3740;8.8;-1.72;-3.6
174610;15;1.723;1040;0;36.6;3760;8.8;-1.72;-3.4
174956;15;1.723;1040;0;36.5;3730;8.6;-1.72;-3.6
174956;15;1.723;1040;0;36.5;3750;8.8;-1.76;-3.4
175301;15;1.723;1040;0;36.5;3740;8.8;-1.76;-3.6
175643;15;1.723;1039;0;36.5;3740;8.8;-1.64;-3.6
175643;15;1.723;1039;0;36.5;3750;8.8;-1.72;-3.6
175987;15;1.723;1040;0;36.6;3750;8.8;-1.68;-3.6
176337;15;1.723;1040;0;36.6;3740;9;-1.72;-3.2
176673;15;1.723;1040;0;36.6;3740;8.8;-1.68;-3.6
176673;15;1.723;1040;0;36.6;3740;8.8;-1.68;-3.6
177025;15;1.723;1040;0;36.6;3720;8.8;-1.72;-3.6
177369;15;1.723;1040;0;36.6;3750;8.6;-1.72;-3.8
177710;15;1.723;1039;0;36.6;3750;8.8;-1.64;-3.6
177710;15;1.723;1040;0;36.6;3740;8.8;-1.68;-3.6
178056;15;1.723;1040;0;36.6;3740;8.8;-1.68;-3.6
178400;15;1.723;1040;0;36.6;3750;8.8;-1.68;-3.6
178400;15;1.723;1040;0;36.6;3740;8.8;-1.72;-3.6
178753;15;1.723;1039;0;36.6;3750;8.8;-1.68;-3.6
179086;15;1.723;1039;0;36.6;3750;8.8;-1.64;-3.6
179437;14;1.723;1039;0;36.6;3740;8.8;-1.68;-3.6
179437;15;1.723;1039;0;36.6;3730;8.8;-1.76;-3.6
179784;14;1.723;1039;0;36.6;3740;8.8;-1.72;-3.6
180137;14;1.703;1039;0;36.6;3740;8.8;-1.72;-3.6
180470;14;1.703;1039;0;36.6;3750;8.8;-1.68;-3.8
180470;14;1.703;1039;0;36.6;3740;8.8;-1.72;-3.6
180818;14;1.703;1039;0;36.6;3750;8.8;-1.72;-3.6
181162;14;1.703;1039;0;36.6;3750;8.8;-1.68;-3.4
181162;14;1.703;1039;0;36.6;3740;8.8;-1.8;-3.6
181516;14;1.703;1039;0;36.6;3750;8.6;-1.68;-3.6
181847;14;1.703;1039;0;36.6;3750;8.8;-1.72;-3.4
182191;14;1.703;1039;0;36.6;3750;8.6;-1.68;-4
182191;14;1.703;1039;0;36.6;3740;8.8;-1.72;-3.6
182535;14;1.703;1039;0;36.6;3750;8.8;-1.72;-3.6
182886;14;1.703;1039;0;36.6;3730;8.8;-1.76;-3.6
183229;14;1.703;1038;0;36.6;3740;8.8;-1.84;-3.4
183229;14;1.703;1039;0;36.6;3740;8.8;-1.8;-3.6
183579;14;1.685;1039;0;36.6;3750;8.8;-1.84;-3.6
183923;14;1.685;1039;0;36.6;3740;8.8;-1.68;-3.6
183923;14;1.685;1039;0;36.6;3750;8.8;-1.68;-3.6
184271;14;1.685;1039;0;36.6;3760;8.8;-1.76;-3.6
184607;14;1.685;1039;0;36.6;3740;8.8;-1.72;-3.6
184963;14;1.685;1039;0;36.6;3730;8.8;-1.76;-3.6
184963;14;1.685;1039;0;36.6;3750;8.8;-1.8;-3.6
185295;14;1.685;1039;0;36.6;3740;8.6;-1.76;-3.6
185647;14;1.685;1039;0;36.6;3740;8.8;-1.76;-3.6
185981;14;1.685;1038;0;36.6;3740;8.8;-1.72;-3.6
185981;14;1.685;1037;0;36.6;3740;8.8;-1.8;-3.6
186335;14;1.685;1039;0;36.6;3750;8.8;-1.8;-3.6
186678;14;1.685;1039;0;36.6;3730;8.8;-1.8;-3.6
186678;14;1.685;1039;0;36.6;3750;8.8;-1.76;-3.6
187031;14;1.685;1038;0;36.6;3750;8.8;-1.72;-3.6
187363;14;1.685;1039;0;36.6;3740;8.8;-1.8;-3.6
187704;14;1.685;1039;0;36.6;3730;8.8;-1.84;-3.4
187704;14;1.685;1039;0;36.6;3740;8.8;-1.8;-3.6
188047;14;1.685;1039;0;36.6;3760;8.8;-1.8;-3.6
188399;14;1.685;1039;0;36.6;3750;8.8;-1.72;-3.6
188741;14;1.685;1039;0;36.6;3750;8.8;-1.8;-3.6
188741;14;1.685;1039;0;36.6;3740;8.6;-1.64;-3.8
189094;14;1.685;1038;0;36.6;3740;8.8;-1.76;-3.6
189428;14;1.685;1038;0;36.6;3740;8.8;-1.64;-3.6
189428;14;1.685;1039;0;36.6;3750;8.8;-1.68;-3.6
189782;14;1.685;1038;0;36.6;3750;8.8;-1.68;-3.8
190115;14;1.685;1038;0;36.6;3740;8.8;-1.76;-3.6
190458;14;1.685;1038;0;36.6;3750;8.8;-1.72;-3.6
190458;14;1.685;1038;0;36.6;3760;9;-1.72;-3.6
190801;14;1.685;1038;0;36.6;3740;8.8;-1.72;-3.6
191154;14;1.685;1038;0;36.6;3740;8.8;-1.68;-3.6
191502;14;1.685;1038;0;36.6;3740;8.8;-1.68;-3.6
191502;14;1.685;1038;0;36.6;3750;8.8;-1.68;-3.6
191843;14;1.685;1038;0;36.6;3740;8.8;-1.68;-3.6
192188;14;1.685;1038;0;36.6;3740;8.8;-1.76;-3.6
192188;14;1.685;1038;0;36.6;3730;8.6;-1.64;-4
192530;14;1.685;1038;0;36.6;3750;8.8;-1.68;-3.6
192877;14;1.685;1038;0;36.6;3740;8.8;-1.72;-3.6
193220;14;1.685;1038;0;36.6;3740;8.8;-1.68;-3.6
193220;14;1.685;1038;0;36.6;3750;8.8;-1.68;-3.6
193562;14;1.685;1038;0;36.6;3740;8.8;-1.72;-3.6
193905;14;1.685;1038;0;36.6;3740;8.8;-1.72;-3.6
194259;14;1.685;1038;0;36.6;3740;8.8;-1.76;-3.6
194259;14;1.685;1038;0;36.6;3740;8.6;-1.72;-3.6
194592;14;1.685;1038;0;36.6;3740;8.8;-1.76;-3.6
194945;14;1.685;1038;0;36.6;3750;8.8;-1.72;-3.6
194945;14;1.685;1038;0;36.6;3740;8.8;-1.76;-3.6
195277;14;1.685;1038;0;36.6;3740;8.8;-1.72;-3.6
195620;14;1.685;1038;0;36.6;3750;8.8;-1.72;-3.6
195963;12;1.771;1038;0;36.6;3740;8.6;-1.8;-3.6
195963;12;1.685;1038;0;36.6;3730;8.8;-1.84;-3.6
196317;12;1.771;1038;0;36.6;3720;8.8;-1.76;-3.6
196648;12;1.771;1038;0;36.6;3740;8.6;-1.76;-3.4
196992;12;1.771;1038;0;36.6;3750;8.8;-1.72;-3.6
196992;12;1.771;1038;0;36.6;3750;8.8;-1.68;-3.8
197336;12;1.771;1038;0;36.6;3740;8.8;-1.72;-3.6
197683;12;1.771;1038;0;36.6;3730;8.8;-1.72;-3.6
197683;12;1.771;1038;0;36.6;3750;8.8;-1.76;-3.6
198029;12;1.771;1038;0;36.6;3750;8.8;-1.8;-3.6
198371;12;1.771;1038;0;36.6;3740;8.8;-1.84;-3.6
198714;12;1.771;1038;0;36.6;3740;8.8;-1.72;-3.6
198714;12;1.771;1038;0;36.6;3750;8.6;-1.72;-3.6
199069;12;1.771;1038;0;36.6;3750;8.8;-1.72;-3.6
199414;12;1.771;1038;0;36.7;3740;8.8;-1.64;-3.6
199762;12;1.864;1038;0;36.7;3750;8.8;-1.72;-3.6
199762;12;1.864;1038;0;36.7;3750;8.8;-1.72;-3.6
200105;12;1.864;1038;0;36.7;3740;8.8;-1.68;-3.6
200458;12;1.864;1038;0;36.6;3740;8.8;-1.72;-3.6
200458;12;1.864;1038;0;36.7;3740;8.6;-1.72;-3.8
200801;12;1.864;1039;0;36.6;3750;8.8;-1.84;-3.4
201143;12;1.864;1038;0;36.6;3750;8.8;-1.48;-3.6
201487;12;1.864;1037;0;36.6;3750;9.6;-1.64;-2.4
201487;12;1.864;1041;0;36.6;3750;9.4;-2.2;-3.4
201830;12;1.864;1039;0;36.6;3720;9.2;-1.24;-1.96
202175;12;1.864;1040;0;36.6;3740;9.4;-0.8;-2.2
202528;12;1.864;1039;0;36.6;3750;9.4;-0.68;-2.2
202528;12;1.864;1040;0;36.6;3740;9.6;-0.84;-2.2
202875;12;1.864;1038;0;36.6;3730;9.2;-0.88;-2.4
203218;12;1.864;1037;0;36.6;3740;9.2;-1.08;-2.8
203218;12;1.864;1037;0;36.6;3740;9.2;-0.88;-2.6
203563;12;1.864;1037;0;36.6;3730;9;-1.32;-3
203918;12;1.864;1037;0;36.6;3750;9.2;-1.28;-2.8
204248;12;1.854;1037;0;36.6;3740;9.2;-1.24;-3
204248;12;1.854;1037;0;36.6;3740;9.2;-1.32;-3
204593;12;1.854;1036;0;36.6;3730;9.2;-1.24;-2.8
204935;12;1.854;1037;0;36.6;3730;9;-1.36;-2.8
205278;12;1.854;1036;0;36.6;3740;9.2;-1.16;-2.8
205278;12;1.854;1037;0;36.6;3740;9.2;-1.2;-2.8
205620;12;1.854;1037;0;36.6;3740;9.2;-1.16;-2.8
205962;13;1.823;1036;0;36.6;3730;9.2;-1.2;-2.8
205962;13;1.854;1037;0;36.6;3750;9;-1.16;-3
206305;13;1.823;1037;0;36.6;3720;9;-1.2;-3
206649;13;1.823;1037;0;36.6;3730;9;-1.2;-3
207003;13;1.823;1036;0;36.6;3740;9;-1.16;-3.2
207003;13;1.823;1036;0;36.6;3740;9;-1.24;-3.4
207335;13;1.823;1035;0;36.6;3750;9;-1.2;-3.2
207678;13;1.823;1035;0;36.6;3740;9.2;-1.24;-3.2
208020;13;1.823;1036;0;36.6;3740;8.8;-1.2;-3
208020;13;1.823;1035;0;36.6;3740;9;-1;-3.2
208363;13;1.823;1038;0;36.6;3730;8.8;-1.04;-3.6
208704;13;1.787;1037;0;36.6;3750;9;-1.2;-3.8
208704;13;1.787;1037;0;36.6;3750;9.2;-1.12;-3.6
209048;13;1.787;1037;0;36.6;3760;8.6;-1.28;-3.8
209402;13;1.787;1036;0;36.6;3740;8.6;-1.4;-3.6
209748;13;1.787;1036;0;36.6;3730;8.6;-1.4;-3.8
209748;13;1.787;1037;0;36.6;3750;8.8;-1.24;-3.8
210091;13;1.787;1036;0;36.6;3740;8.8;-1.44;-3.8
210435;13;1.787;1036;0;36.6;3730;8.8;-1.4;-3.6
210779;13;1.765;1035;0;36.6;3750;8.8;-1.04;-3.6
210779;13;1.765;1036;0;36.6;3740;8.8;-1.12;-3.4
211123;13;1.765;1035;0;36.6;3750;9;-1;-3.6
211466;13;1.765;1036;0;36.6;3740;8.8;-0.92;-3.4
211466;13;1.765;1036;0;36.6;3740;8.8;-1;-3.6
211810;13;1.765;1036;0;36.6;3750;8.8;-1.12;-3.6
212153;13;1.765;1035;0;36.6;3740;8.8;-0.96;-3.6
212500;13;1.733;1036;0;36.7;3750;8.6;-0.96;-3.6
212500;13;1.765;1035;0;36.7;3740;8.8;-0.84;-3.8
212842;13;1.733;1035;0;36.7;3750;9;-1;-3.6
213186;13;1.733;1036;0;36.7;3750;9.2;-0.96;-3.4
213527;13;1.733;1036;0;36.6;3750;9;-1.56;-3.4
213527;13;1.733;1037;0;36.7;3730;8.8;-1.16;-3.6
213874;13;1.733;1037;0;36.6;3760;8.8;-1.72;-3.4
214216;15;1.709;1036;0;36.6;3740;8.6;-2.2;-3.2
214216;15;1.733;1036;0;36.6;3750;8.8;-1.8;-3.4
214557;15;1.709;1036;0;36.6;3740;8.8;-2.2;-3.2
214903;15;1.709;1036;0;36.6;3740;8.8;-2.2;-3.2
215252;15;1.709;1036;0;36.6;3750;8.8;-2;-3.2
215252;15;1.709;1036;0;36.6;3740;8.8;-2.2;-3.4
215598;15;1.709;1036;0;36.6;3760;8.8;-1.96;-3.2
215940;15;1.709;1036;0;36.6;3740;8.8;-2.2;-3.2
216285;15;1.68;1036;0;36.6;3760;8.8;-1.92;-3.2
216285;15;1.68;1036;0;36.6;3740;8.8;-1.92;-3.4
216629;15;1.68;1036;0;36.6;3730;8.8;-1.96;-3
216981;15;1.68;1036;0;36.6;3740;8.8;-2;-3.2
216981;15;1.68;1036;0;36.6;3740;8.8;-1.96;-3.2
217328;15;1.68;1036;0;36.7;3740;8.8;-1.96;-3.2
217671;15;1.68;1036;0;36.7;3740;8.8;-1.96;-3.2
218012;15;1.68;1036;0;36.7;3740;8.8;-1.92;-3.4
218012;15;1.68;1036;0;36.7;3740;8.8;-1.92;-3.4
218357;15;1.68;1036;0;36.7;3750;8.8;-1.96;-3.2
218709;15;1.68;1036;0;36.7;3730;8.8;-1.88;-3.2
219052;15;1.68;1036;0;36.7;3760;8.8;-1.88;-3.2
219052;15;1.68;1036;0;36.7;3730;8.8;-2;-3.2
219401;15;1.68;1036;0;36.7;3750;8.8;-1.92;-3.2
219747;15;1.68;1036;0;36.7;3730;8.8;-2.2;-3.2
219747;15;1.68;1036;0;36.7;3750;8.8;-1.92;-3.4
220090;15;1.68;1036;0;36.7;3740;8.8;-1.96;-3.2
220433;15;1.68;1036;0;36.7;3730;9;-1.92;-3.2
220778;15;1.68;1037;0;36.7;3740;8.8;-2;-3.2
220778;15;1.68;1036;0;36.7;3740;8.8;-1.96;-3.4
221119;15;1.68;1036;0;36.7;3750;8.8;-2;-3.4
221466;15;1.68;1036;0;36.6;3740;8.8;-1.96;-3.4
221810;15;1.68;1036;0;36.6;3730;8.8;-1.92;-3.4
221810;15;1.68;1037;0;36.6;3730;9;-1.88;-3.4
222152;15;1.68;1036;0;36.6;3750;8.8;-1.92;-3.4
222493;15;1.767;1037;0;36.6;3740;8.8;-2.2;-3.4
222493;15;1.68;1037;0;36.6;3750;8.8;-2;-3.4
222836;15;1.767;1037;0;36.6;3750;8.8;-1.84;-3.2
223178;15;1.767;1037;0;36.6;3750;8.8;-1.84;-3.2
223526;15;1.767;1037;0;36.6;3750;9.2;-1.92;-3.6
223526;15;1.767;1037;0;36.6;3750;8.4;-1.76;-3.2
223871;15;1.767;1035;0;36.7;3730;9;-1.8;-3.6
224216;15;1.767;1034;0;36.7;3740;9.4;-1.8;-2.8
224564;15;1.767;1034;0;36.7;3740;9;-1.6;-3.2
224564;15;1.767;1033;0;36.7;3750;8.6;-1.44;-3.2
224907;15;1.767;1034;0;36.7;3750;9;-1.84;-3
225258;16;1.767;1034;0;36.7;3740;9;-1.72;-3
225258;16;1.767;1035;0;36.7;3740;9;-1.68;-3.2
225592;16;1.767;1034;0;36.7;3740;9;-1.64;-3
225935;16;1.767;1034;0;36.7;3730;8.8;-1.56;-3.4
226278;16;1.767;1035;0;36.7;3740;9;-1.64;-3.2
226278;16;1.767;1034;0;36.7;3740;9;-1.6;-3.2
226623;17;1.767;1034;0;36.7;3740;9;-1.64;-3.2
226967;17;1.755;1035;0;36.7;3720;8.8;-1.6;-3.2
227310;17;1.755;1034;0;36.7;3750;9;-1.72;-3.2
227310;17;1.755;1035;0;36.7;3750;8.8;-1.72;-3.4
227653;17;1.755;1034;0;36.7;3750;9;-1.8;-3.2
228006;17;1.724;1035;0;36.7;3740;9;-1.84;-3
228006;17;1.755;1034;0;36.7;3740;9;-1.72;-3.2
228353;17;1.724;1035;0;36.7;3740;9;-1.76;-3
228695;17;1.724;1035;0;36.7;3740;9;-1.72;-3
229038;17;1.724;1035;0;36.7;3750;9;-1.76;-3.2
229038;17;1.724;1035;0;36.7;3750;9;-1.8;-3
229380;17;1.724;1035;0;36.7;3750;9;-1.8;-3
229723;17;1.724;1035;0;36.7;3730;9;-1.84;-3.2
230076;19;1.719;1035;0;36.7;3750;8.8;-1.72;-3.4
230076;19;1.724;1035;0;36.7;3740;8.8;-1.84;-3
230407;19;1.719;1035;0;36.7;3740;8.8;-1.76;-3.2
230761;20;1.719;1035;0;36.7;3730;8.8;-1.72;-3.2
230761;19;1.719;1035;0;36.7;3740;9;-1.72;-3.2
231107;20;1.719;1035;0;36.7;3740;9;-1.64;-3.2
231451;20;1.719;1035;0;36.7;3750;9;-1.64;-3.2
231793;20;1.719;1035;0;36.7;3750;9;-1.64;-3.2
231793;20;1.719;1035;0;36.7;3750;9;-1.6;-3.2
232136;20;1.719;1035;0;36.7;3730;9;-1.64;-3.2
232490;20;1.719;1035;0;36.7;3730;9;-1.6;-3.2
232490;20;1.719;1035;0;36.7;3730;8.8;-1.68;-3.2
232836;20;1.719;1035;0;36.7;3740;9;-1.64;-3.2
233185;20;1.719;1035;0;36.7;3740;9;-1.76;-3.2
233528;20;1.719;1035;0;36.7;3730;9;-1.64;-3.2
233528;20;1.719;1035;0;36.7;3740;9;-1.72;-3.2
233878;20;1.719;1034;0;36.7;3730;8.8;-1.72;-3.2
234223;20;1.719;1035;0;36.7;3770;9;-1.64;-3.2
234574;20;1.719;1035;0;36.7;3740;9;-1.56;-3.2
234574;20;1.719;1035;0;36.7;3740;8.8;-1.68;-3.2
234916;20;1.719;1035;0;36.7;3730;9;-1.4;-3.2
235268;20;1.719;1034;0;36.7;3730;9;-1.4;-3.2
235268;20;1.719;1035;0;36.7;3740;9;-1.56;-3.4
235613;20;1.719;1034;0;36.7;3730;9;-1.52;-3.2
235956;20;1.719;1034;0;36.7;3730;9;-1.4;-3.2
236297;20;1.719;1034;0;36.7;3730;9;-1.44;-3.4
236297;20;1.719;1033;0;36.7;3740;9;-1.44;-3.4
236651;20;1.719;1034;0;36.7;3740;9;-1.44;-3.4
236994;20;1.719;1034;0;36.7;3740;8.8;-1.4;-3.2
236994;20;1.719;1034;0;36.7;3750;8.8;-1.44;-3.4
237342;20;1.719;1034;0;36.7;3750;9;-1.32;-3.4
237686;20;1.719;1034;0;36.7;3740;9;-1.28;-3.2
238028;20;1.719;1034;0;36.7;3740;9;-1.44;-3.2
238028;20;1.719;1034;0;36.7;3740;9;-1.24;-3.2
238372;20;1.719;1034;0;36.7;3740;9;-1.4;-3.2
238725;20;1.719;1034;0;36.7;3740;9;-1.4;-3.2
239055;20;1.716;1033;0;36.7;3760;9;-1.32;-3.2
239055;20;1.719;1033;0;36.7;3730;9;-1.4;-3.2
239401;20;1.716;1033;0;36.7;3750;9;-1.4;-3
239744;20;1.716;1033;0;36.7;3750;9;-1.36;-3.2
239744;20;1.716;1033;0;36.7;3740;9;-1.4;-3.2
240091;20;1.716;1033;0;36.7;3740;9;-1.32;-3.2
240435;20;1.716;1033;0;36.7;3730;9;-1.44;-3.2
240776;20;1.716;1033;0;36.7;3750;9;-1.44;-3.2
240776;20;1.716;1033;0;36.7;3740;8.8;-1.36;-3.2
241120;20;1.716;1032;0;36.7;3750;9;-1.4;-3.4
242201;20;1.716;1033;0;36.7;3720;9;-1.36;-3.2
242229;20;1.716;1033;0;36.7;3760;9;-1.36;-3.2
242229;20;1.716;1033;0;36.7;3730;9;-1.4;-3.2
242229;20;1.716;1033;0;36.7;3720;9;-1.36;-3.2
242368;20;1.716;1033;0;36.7;3740;9;-1.44;-3.2
242368;20;1.716;1033;0;36.7;3760;9;-1.36;-3.2
242368;20;1.716;1033;0;36.7;3730;9;-1.4;-3.2
242368;20;1.716;1033;0;36.7;3720;9;-1.36;-3.2
242495;20;1.716;1033;0;36.7;3750;8.8;-1.44;-3.2
242846;20;1.716;1032;0;36.7;3740;8.8;-1.52;-3.2
242846;20;1.716;1033;0;36.7;3740;9;-1.48;-3.2
243192;20;1.716;1033;0;36.7;3740;9;-1.44;-3.2
243534;20;1.716;1032;0;36.7;3750;9;-1.48;-3.4
243534;20;1.716;1032;0;36.7;3740;8.8;-1.48;-3.2
243879;20;1.716;1032;0;36.7;3750;9;-1.48;-3.2
244222;20;1.716;1032;0;36.7;3740;9;-1.48;-3.2
244568;20;1.716;1032;0;36.7;3730;8.8;-1.44;-3.2
244568;20;1.716;1032;0;36.7;3750;9;-1.48;-3.2
244911;20;1.716;1032;0;36.7;3740;9;-1.32;-3.4
245265;20;1.716;1032;0;36.7;3740;9;-1.4;-3.4
245265;20;1.716;1032;0;36.7;3740;8.8;-1.4;-3.2
245595;20;1.716;1032;0;36.7;3740;9;-1.36;-3.2
245937;20;1.716;1032;0;36.7;3730;9;-1.4;-3.4
246280;20;1.716;1033;0;36.7;3730;8.8;-1.36;-3.2
246280;20;1.716;1032;0;36.7;3730;9;-1.32;-3.4
246623;20;1.716;1032;0;36.7;3750;9;-1.36;-3.4
246966;20;1.716;1032;0;36.7;3730;9;-1.36;-3.2
247312;20;1.716;1032;0;36.7;3740;8.8;-1.52;-3.2
247312;20;1.716;1032;0;36.7;3750;9;-1.4;-3.2
247655;20;1.716;1032;0;36.7;3740;9;-1.4;-3.4
248006;20;1.716;1032;0;36.7;3730;8.8;-1.32;-3.4
248006;20;1.716;1032;0;36.7;3730;8.8;-1.44;-3.4
248348;20;1.716;1032;0;36.7;3740;8.8;-1.28;-3.4
248690;20;1.716;1032;0;36.7;3740;9;-1.36;-3.2
249033;20;1.716;1032;0;36.7;3740;9;-1.44;-3.2
249033;20;1.716;1031;0;36.7;3750;8.8;-1.36;-3.6
249374;20;1.716;1031;0;36.7;3740;9;-1.4;-3.2
249716;20;1.716;1031;0;36.7;3750;8.8;-1.52;-3.2
250059;20;1.716;1032;0;36.7;3740;8.8;-1.44;-3.4
250059;20;1.716;1032;0;36.7;3750;9;-1.44;-3.4
250399;20;1.716;1032;0;36.7;3750;8.8;-1.4;-3.4
250743;20;1.716;1031;0;36.7;3750;8.8;-1.36;-3.4
251086;20;1.716;1031;0;36.7;3740;9;-1.36;-3.4
251086;20;1.716;1031;0;36.7;3750;9;-1.4;-3.2
251430;17;1.716;1031;0;36.7;3740;9;-1.44;-3.2
251775;17;1.759;1031;0;36.7;3740;8.8;-1.36;-3.4
251775;17;1.759;1031;0;36.7;3740;9;-1.44;-3.2
252116;17;1.759;1032;0;36.7;3750;9;-1.36;-3.2
252460;21;1.759;1031;0;36.7;3730;8.8;-1.36;-3.4
252810;21;1.759;1031;0;36.7;3730;9;-1.44;-3.4
252810;21;1.759;1031;0;36.7;3740;9;-1.4;-3.4
253154;21;1.759;1031;0;36.7;3740;9;-1.4;-3.4
253505;21;1.759;1031;0;36.7;3740;9;-1.4;-3.2
253850;21;1.759;1031;0;36.7;3740;8.8;-1.48;-3.4
253850;21;1.759;1031;0;36.7;3730;8.8;-1.36;-3.2
254193;21;1.759;1031;0;36.7;3750;8.8;-1.52;-3.2
254535;21;1.759;1031;0;36.7;3730;9;-1.4;-3.2
254535;21;1.759;1031;0;36.7;3750;8.8;-1.44;-3.4
254884;21;1.759;1031;0;36.7;3740;8.8;-1.4;-3.4
255227;21;1.759;1031;0;36.7;3760;9;-1.44;-3.4
255578;21;1.759;1031;0;36.7;3740;9;-1.44;-3.4
255578;21;1.759;1031;0;36.7;3740;9;-1.44;-3.2
255922;21;1.759;1031;0;36.7;3730;8.8;-1.44;-3.4
256270;21;1.759;1030;0;36.7;3750;9;-1.48;-3.2
256616;21;1.759;1031;0;36.7;3740;9;-1.44;-3.2
256616;21;1.759;1031;0;36.7;3730;9;-1.48;-3.2
256957;21;1.759;1031;0;36.7;3740;9;-1.44;-3.2
257300;21;1.759;1031;0;36.7;3740;9;-1.52;-3.2
257300;21;1.759;1031;0;36.7;3740;9;-1.36;-3.2
257654;21;1.728;1030;0;36.7;3750;8.8;-1.52;-3.2
258001;21;1.728;1031;0;36.7;3730;8.8;-1.64;-3.2
258344;21;1.728;1031;0;36.7;3740;9;-1.56;-3.4
258344;21;1.728;1031;0;36.7;3760;9;-1.6;-3.4
258685;21;1.728;1031;0;36.7;3740;9;-1.6;-3.2
259027;21;1.728;1031;0;36.8;3740;9;-1.56;-3.2
259369;21;1.728;1031;0;36.8;3740;8.8;-1.52;-3.4
259369;21;1.728;1031;0;36.8;3750;8.8;-1.48;-3.4
259710;21;1.728;1030;0;36.8;3730;8.8;-1.56;-3.2
260063;21;1.728;1031;0;36.7;3750;8.8;-1.52;-3.4
260063;21;1.728;1031;0;36.8;3750;9;-1.52;-3.2
260405;21;1.728;1031;0;36.7;3740;9;-1.52;-3.4
260749;21;1.728;1031;0;36.7;3740;9;-1.48;-3.4
261101;21;1.728;1031;0;36.7;3740;8.8;-1.56;-3.4
261101;21;1.728;1031;0;36.7;3750;9;-1.48;-3.4
261443;21;1.728;1031;0;36.7;3750;9;-1.56;-3.2
261789;21;1.728;1031;0;36.7;3740;9;-1.44;-3.4
261789;21;1.728;1030;0;36.7;3730;9;-1.6;-3.2
262136;21;1.728;1030;0;36.7;3740;9;-1.64;-3.2
262483;21;1.728;1030;0;36.7;3760;9;-1.56;-3.2
262828;21;1.728;1030;0;36.8;3750;9;-1.56;-3.4
262828;21;1.728;1030;0;36.8;3730;9;-1.64;-3.2
263181;21;1.728;1030;0;36.8;3740;9;-1.56;-3.2
263513;21;1.728;1030;0;36.8;3750;9;-1.48;-3.2
263866;21;1.728;1030;0;36.8;3740;8.8;-1.44;-3.4
263866;21;1.728;1030;0;36.8;3730;8.8;-1.48;-3.2
264197;21;1.728;1030;0;36.8;3750;8.8;-1.4;-3.2
264551;21;1.728;1030;0;36.8;3730;9;-1.44;-3.4
264551;21;1.728;1031;0;36.8;3750;8.8;-1.56;-3.2
264881;21;1.728;1030;0;36.8;3730;9;-1.52;-3.4
265223;21;1.728;1030;0;36.8;3730;9;-1.44;-3.2
265567;20;1.728;1031;0;36.7;3740;9;-1.48;-3.2
265567;20;1.728;1030;0;36.7;3720;8.8;-1.4;-3.6
265909;20;1.728;1030;0;36.7;3730;8.8;-1.44;-3.2
266252;20;1.728;1030;0;36.7;3740;8.8;-1.52;-3.2
266597;20;1.728;1030;0;36.8;3750;9;-1.56;-3.2
266597;20;1.728;1029;0;36.7;3740;8.8;-1.48;-3.2
266940;20;1.728;1030;0;36.8;3740;9;-1.52;-3.2
267286;20;1.728;1030;0;36.8;3740;9;-1.48;-3.2
267286;20;1.728;1029;0;36.8;3750;9;-1.48;-3.2
267628;20;1.728;1030;0;36.8;3740;8.8;-1.48;-3.2
267974;20;1.728;1029;0;36.8;3740;8.8;-1.52;-3.2
268317;20;1.728;1030;0;36.8;3740;8.8;-1.52;-3.2
268317;20;1.728;1030;0;36.8;3750;9;-1.52;-3.4
268659;20;1.728;1030;0;36.8;3740;9;-1.52;-3.2
269002;20;1.728;1030;0;36.8;3750;9;-1.6;-3.4
269351;20;1.728;1030;0;36.7;3730;8.8;-1.56;-3.2
269351;20;1.728;1030;0;36.7;3730;8.8;-1.56;-3.4
269694;20;1.728;1030;0;36.7;3740;9;-1.56;-3.2
270037;20;1.728;1029;0;36.7;3740;8.8;-1.52;-3.4
270379;20;1.697;1029;0;36.8;3750;8.8;-1.56;-3.6
270379;20;1.697;1029;0;36.7;3740;9;-1.6;-3.4
270722;20;1.697;1029;0;36.8;3750;9;-1.64;-3.2
271074;20;1.697;1029;0;36.8;3730;9;-1.52;-3.2
271074;20;1.697;1029;0;36.8;3750;9;-1.6;-3.2
271431;20;1.676;1029;0;36.8;3730;9;-1.6;-3.2
271772;20;1.676;1029;0;36.8;3750;8.8;-1.52;-3.2
272126;20;1.676;1029;0;36.8;3740;8.8;-1.48;-3.2
272126;20;1.676;1029;0;36.8;3740;9;-1.52;-3.2
272459;20;1.676;1029;0;36.8;3740;9;-1.52;-3.4
272807;20;1.676;1029;0;36.8;3760;8.8;-1.48;-3.2
272807;20;1.676;1029;0;36.8;3740;9;-1.52;-3.2
273148;20;1.676;1029;0;36.7;3740;9;-1.64;-3.2
273494;20;1.676;1029;0;36.7;3720;9;-1.52;-3.2
273836;20;1.676;1027;0;36.7;3750;9;-1.56;-3.4
273836;20;1.676;1029;0;36.7;3750;9;-1.52;-3.2
274183;20;1.676;1028;0;36.7;3740;9;-1.64;-3.2
274528;20;1.676;1028;0;36.8;3750;9;-1.56;-3.2
274881;20;1.676;1028;0;36.8;3740;8.8;-1.6;-3.2
274881;20;1.676;1028;0;36.8;3740;9;-1.52;-3.2
275228;20;1.676;1028;0;36.8;3740;9;-1.48;-3.2
275582;20;1.676;1028;0;36.8;3730;9;-1.48;-3.2
275582;20;1.676;1028;0;36.8;3730;8.8;-1.48;-3.4
275925;20;1.676;1028;0;36.8;3740;8.8;-1.64;-3.2
276276;20;1.676;1028;0;36.8;3730;9;-1.48;-3.4
276622;20;1.676;1028;0;36.8;3720;9;-1.48;-3.2
276622;20;1.676;1028;0;36.8;3750;8.8;-1.52;-3.4
276971;21;1.676;1028;0;36.8;3740;8.8;-1.4;-3.4
277318;21;1.643;1028;0;36.8;3730;8.8;-1.6;-3.4
277318;21;1.643;1028;0;36.8;3740;8.8;-1.52;-3.4
277669;21;1.643;1028;0;36.8;3740;9;-1.56;-3.2
278012;22;1.643;1028;0;36.8;3740;8.8;-1.6;-3.2
278357;22;1.643;1028;0;36.8;3730;9;-1.56;-3.2
278357;22;1.643;1028;0;36.8;3740;9;-1.56;-3.2
278705;22;1.643;1028;0;36.8;3730;9;-1.48;-3.2
279050;22;1.643;1028;0;36.8;3750;9;-1.56;-3.2
279404;22;1.643;1028;0;36.8;3740;9;-1.56;-3.4
279404;22;1.643;1028;0;36.8;3740;8.8;-1.56;-3.4
279736;21;1.643;1027;0;36.8;3740;9;-1.52;-3.2
280089;21;1.643;1028;0;36.8;3740;8.8;-1.56;-3.2
280089;21;1.643;1028;0;36.8;3750;9;-1.48;-3.4
280422;21;1.643;1027;0;36.8;3730;9;-1.56;-3.2
280771;21;1.643;1028;0;36.8;3730;9;-1.52;-3.4
281118;21;1.643;1028;0;36.8;3740;8.8;-1.52;-3.4
281118;21;1.643;1028;0;36.8;3750;9;-1.56;-3.2
281472;21;1.643;1027;0;36.8;3720;8.8;-1.68;-3.2
281813;21;1.643;1028;0;36.8;3740;9;-1.64;-3.2
281813;21;1.643;1028;0;36.8;3730;9;-1.56;-3.4
282160;21;1.643;1027;0;36.8;3760;9;-1.52;-3.2
282505;21;1.629;1027;0;36.8;3750;9;-1.48;-3.2
282859;21;1.629;1027;0;36.8;3740;9;-1.4;-3.2
282859;21;1.629;1027;0;36.8;3750;9;-1.48;-3.2
283192;21;1.629;1027;0;36.8;3740;9;-1.56;-3.4
283540;21;1.629;1028;0;36.8;3740;8.8;-1.52;-3.4
283885;21;1.629;1027;0;36.8;3740;8.8;-2.2;-3.2
283885;21;1.629;1026;0;36.8;3740;8.8;-2.2;-3.4
284238;21;1.629;1029;0;36.8;3750;8.8;-2.4;-3.4
284585;21;1.629;1028;0;36.8;3730;8.8;-2.4;-3.4
284585;21;1.629;1028;0;36.8;3750;8.6;-2.2;-3.4
284926;21;1.629;1028;0;36.8;3730;9;-2.4;-3.2
285269;21;1.629;1028;0;36.8;3740;8.6;-2.2;-3.2
285611;20;1.614;1028;0;36.8;3730;8.8;-2.2;-3.4
285611;20;1.629;1028;0;36.8;3740;8.6;-2.2;-3.4
285953;20;1.614;1028;0;36.8;3750;8.6;-2;-3.4
286294;20;1.614;1027;0;36.8;3730;8.8;-2.2;-3.4
286647;21;1.614;1028;0;36.8;3750;8.8;-2.2;-3.4
286647;20;1.614;1028;0;36.8;3750;8.8;-2.2;-3.4
286980;21;1.656;1028;0;36.8;3730;8.8;-2.2;-3.4
287332;21;1.656;1028;0;36.8;3750;8.8;-2.2;-3.4
287332;21;1.656;1028;0;36.8;3740;8.8;-2.2;-3.4
287665;21;1.656;1027;0;36.8;3750;8.8;-2.2;-3.4
288019;21;1.656;1028;0;36.8;3730;8.8;-2.2;-3.4
288364;21;1.656;1027;0;36.8;3740;8.8;-2.2;-3.6
288364;21;1.656;1027;0;36.8;3740;8.8;-2.2;-3.4
288707;21;1.656;1026;0;36.8;3740;8.8;-2.2;-3.4
289051;21;1.656;1027;0;36.8;3730;8.8;-2.2;-3.6
289393;21;1.656;1027;0;36.8;3740;8.8;-1.92;-3.4
289393;21;1.656;1027;0;36.8;3740;8.8;-2;-3.4
289736;21;1.656;1027;0;36.8;3730;8.8;-2.2;-3.4
290080;20;1.656;1026;0;36.8;3730;8.8;-2.2;-3.4
290080;21;1.656;1027;0;36.8;3750;8.8;-2.2;-3.4
290422;20;1.656;1026;0;36.8;3750;8.8;-2;-3.4
290769;20;1.707;1027;0;36.8;3740;8.8;-2.2;-3.4
291112;20;1.707;1027;0;36.8;3740;9;-2.2;-3.4
291112;20;1.707;1027;0;36.8;3740;8.8;-2.2;-3.2
291454;20;1.707;1027;0;36.8;3730;8.8;-2.2;-3.2
291795;20;1.707;1027;0;36.8;3750;8.8;-2.2;-3.4
292136;20;1.707;1026;0;36.8;3740;8.6;-2;-3.4
292136;20;1.707;1026;0;36.8;3740;8.8;-2;-3.4
292483;20;1.707;1027;0;36.8;3740;8.8;-2;-3.4
292830;20;1.707;1026;0;36.8;3750;8.8;-2.2;-3.2
292830;20;1.707;1027;0;36.8;3730;8.8;-2.2;-3.4
293174;20;1.691;1027;0;36.8;3740;8.8;-2.2;-3.4
293527;20;1.691;1027;0;36.8;3740;8.8;-2.2;-3.4
293869;21;1.778;1027;0;36.8;3740;8.8;-1.96;-3.4
293869;21;1.691;1026;0;36.8;3740;8.8;-2;-3.4
294220;21;1.778;1027;0;36.8;3750;8.8;-1.96;-3.4
294564;21;1.778;1027;0;36.8;3730;8.8;-1.88;-3.4
294917;21;1.778;1027;0;36.8;3750;8.8;-1.96;-3.4
294917;21;1.778;1027;0;36.8;3730;8.8;-1.96;-3.2
295258;21;1.778;1026;0;36.8;3750;8.8;-2.2;-3.4
295609;21;1.778;1027;0;36.8;3740;8.8;-1.92;-3.4
295609;21;1.778;1027;0;36.8;3730;8.8;-1.96;-3.4
295952;21;1.778;1027;0;36.8;3740;8.8;-2.2;-3.4
296294;21;1.778;1027;0;36.8;3730;8.8;-1.88;-3.6
296635;21;1.778;1027;0;36.8;3740;8.8;-2.2;-3.4
296635;21;1.778;1027;0;36.8;3730;8.8;-1.96;-3.4
296980;21;1.778;1027;0;36.8;3750;8.8;-1.96;-3.6
297329;21;1.778;1027;0;36.8;3740;8.8;-2.2;-3.4
297671;21;1.778;1027;0;36.8;3750;8.8;-2;-3.4
297671;21;1.778;1027;0;36.8;3730;8.8;-2;-3.4
298018;21;1.778;1027;0;36.8;3750;8.8;-2;-3.4
298360;21;1.778;1027;0;36.8;3740;8.8;-1.96;-3.4
298360;21;1.778;1027;0;36.8;3730;8.8;-1.92;-3.4
298711;21;1.778;1027;0;36.8;3750;8.8;-2.2;-3.4
299053;21;1.778;1027;0;36.8;3750;8.8;-2;-3.4
299394;21;1.778;1027;0;36.8;3740;8.8;-2.2;-3.4
299394;21;1.778;1027;0;36.8;3740;8.8;-1.96;-3.4
299736;24;1.778;1026;0;36.8;3740;8.8;-2.2;-3.2
300079;24;1.778;1026;0;36.8;3760;8.8;-2.2;-3.6
300425;24;1.778;1026;0;36.8;3750;8.8;-2;-3.4
300425;24;1.778;1026;0;36.8;3750;8.8;-2.2;-3.2
