223;54;1.338;1257;0;31.7;3750;9.6;-1.52;1.52
223;55;1.338;1257;0;31.7;3750;9.4;-1.6;1.56
568;54;1.325;1257;0;31.7;3760;9.4;-1.64;1.68
913;54;1.325;1256;0;31.7;3760;9.4;-1.56;1.68
1257;54;1.315;1256;0;31.6;3770;9.4;-1.6;1.76
1257;54;1.325;1256;0;31.6;3760;9.4;-1.52;1.68
1599;54;1.315;1256;0;31.6;3770;9.4;-1.56;1.76
1942;56;1.302;1257;0;31.6;3770;9.4;-1.56;1.68
1942;56;1.315;1256;0;31.6;3760;9.6;-1.52;1.72
2287;56;1.302;1256;0;31.7;3760;9.4;-1.52;1.76
2634;56;1.302;1255;0;31.7;3770;9.6;-1.48;1.8
2978;56;1.292;1255;0;31.7;3770;9.6;-1.44;1.72
2978;56;1.292;1255;0;31.7;3770;9.4;-1.4;1.72
3325;56;1.292;1255;0;31.7;3770;9.4;-1.56;1.72
3671;56;1.292;1255;0;31.7;3760;9.6;-1.4;1.8
4013;56;1.292;1255;0;31.7;3770;9.6;-1.36;1.68
4013;56;1.292;1255;0;31.7;3770;9.6;-1.44;1.68
4355;56;1.292;1254;0;31.7;3760;9.4;-1.44;1.68
4697;54;1.348;1254;0;31.7;3770;9.4;-1.44;1.92
4697;54;1.292;1254;0;31.7;3760;9.4;-1.36;1.84
5937;57;1.348;1253;0;31.7;3750;9.6;-1.36;1.64
5937;57;1.348;1253;0;31.7;3770;9.4;-1.44;1.72
5937;54;1.348;1254;0;31.7;3770;9.4;-1.44;1.72
5937;54;1.348;1254;0;31.7;3770;9.4;-1.4;1.72
6682;57;1.348;1253;0;31.7;3770;9.4;-1.4;1.68
6682;57;1.348;1252;0;31.7;3770;9.6;-1.44;1.64
6682;57;1.348;1253;0;31.7;3770;9.4;-1.48;1.72
8053;59;1.318;1252;0;31.8;3780;9.4;-1.44;1.64
8053;59;1.318;1252;0;31.8;3770;9.6;-1.44;1.68
8053;59;1.318;1251;0;31.8;3760;9.4;-1.36;1.6
8053;57;1.333;1253;0;31.8;3750;9.4;-1.48;1.68
8053;57;1.333;1252;0;31.7;3760;9.6;-1.32;1.8
8053;57;1.333;1253;0;31.7;3760;9.6;-1.32;1.68
8876;58;1.303;1251;0;31.8;3760;9.4;-1.44;1.68
8876;58;1.303;1252;0;31.8;3760;9.6;-1.32;1.72
8876;58;1.318;1251;0;31.8;3760;9.6;-1.52;1.68
9952;62;1.293;1250;0;31.8;3760;9.6;-1.36;1.72
9952;62;1.293;1250;0;31.8;3750;9.4;-1.36;1.68
9952;62;1.293;1251;0;31.8;3750;9.6;-1.52;1.64
9952;62;1.303;1250;0;31.8;3770;9.6;-1.44;1.72
9952;58;1.303;1251;0;31.8;3780;9.6;-1.44;1.68
10928;62;1.282;1250;0;31.8;3770;9.4;-1.48;1.64
10928;62;1.282;1250;0;31.8;3760;9.4;-1.36;1.64
10928;62;1.282;1250;0;31.8;3750;9.4;-1.4;1.68
11941;63;1.269;1250;0;31.8;3770;9.6;-1.4;1.72
11941;61;1.269;1249;0;31.8;3770;9.6;-1.56;1.6
11941;61;1.269;1249;0;31.8;3770;9.6;-1.4;1.6
11941;61;1.282;1249;0;31.8;3770;9.6;-1.4;1.6
12930;66;1.257;1248;0;31.9;3760;9.4;-1.48;1.72
12930;63;1.257;1248;0;31.9;3770;9.4;-1.44;1.72
12930;63;1.257;1248;0;31.8;3770;9.4;-1.6;1.64
12930;63;1.257;1248;0;31.8;3760;9.4;-1.4;1.6
13945;66;1.244;1247;0;31.8;3790;9.6;-1.48;1.68
13945;66;1.25;1246;0;31.9;3770;9.4;-1.4;1.88
13945;66;1.25;1247;0;31.9;3770;9.4;-1.56;1.76
13945;66;1.25;1248;0;31.9;3770;9.4;-1.64;1.6
14725;66;1.244;1247;0;31.8;3780;9.6;-1.44;1.64
14725;66;1.244;1247;0;31.8;3780;9.4;-1.44;1.68
14725;66;1.244;1246;0;31.8;3760;9.4;-1.44;1.68
14725;66;1.244;1247;0;31.8;3770;9.4;-1.56;1.56
15999;63;1.297;1245;0;31.9;3770;9.6;-1.52;1.6
15999;63;1.297;1245;0;31.9;3750;9.4;-1.52;1.64
15999;63;1.297;1246;0;31.9;3770;9.6;-1.56;1.64
15999;63;1.297;1246;0;31.9;3760;9.6;-1.48;1.6
15999;63;1.244;1247;0;31.9;3770;9.4;-1.52;1.64
16899;63;1.297;1245;0;31.9;3750;9.6;-1.52;1.6
16899;63;1.297;1246;0;31.9;3760;9.6;-1.44;1.6
16899;63;1.297;1245;0;31.9;3750;9.4;-1.56;1.56
17940;63;1.276;1245;0;31.9;3760;9.6;-1.6;1.68
17940;63;1.285;1244;0;31.9;3770;9.4;-1.56;1.64
17940;63;1.285;1245;0;31.9;3760;9.4;-1.44;1.6
17940;63;1.285;1245;0;31.9;3760;9.6;-1.52;1.6
18937;63;1.265;1245;0;31.9;3750;9.4;-1.56;1.56
18937;63;1.265;1244;0;31.9;3760;9.6;-1.48;1.56
18937;63;1.276;1243;0;31.9;3770;9.6;-1.52;1.6
18937;63;1.276;1245;0;31.9;3760;9.6;-1.56;1.56
19923;64;1.244;1244;0;32;3750;9.6;-1.56;1.64
19923;64;1.256;1244;0;32;3770;9.4;-1.56;1.84
19923;63;1.256;1244;0;32;3770;9.6;-1.44;1.52
19923;63;1.256;1243;0;32;3760;9.4;-1.56;1.6
20941;64;1.237;1243;0;31.9;3750;9.4;-1.52;1.72
20941;64;1.237;1243;0;31.9;3770;9.6;-1.48;1.56
20941;64;1.244;1243;0;31.9;3770;9.6;-1.48;1.64
20941;64;1.244;1243;0;32;3770;9.4;-1.48;1.56
21916;69;1.227;1242;0;32;3780;9.4;-1.56;1.72
21916;64;1.227;1242;0;32;3770;9.4;-1.48;1.64
21916;64;1.227;1242;0;31.9;3770;9.4;-1.44;1.68
21916;64;1.237;1243;0;31.9;3780;9.6;-1.44;1.72
22931;69;1.223;1242;0;32;3780;9.6;-1.44;1.76
22931;69;1.223;1241;0;32;3770;9.6;-1.4;1.8
22931;69;1.223;1242;0;32;3750;9.4;-1.56;1.72
22931;69;1.223;1242;0;32;3770;9.4;-1.52;1.8
23672;67;1.223;1241;0;32;3770;9.4;-1.44;1.6
23672;67;1.223;1241;0;32;3770;9.6;-1.36;1.48
23672;67;1.223;1242;0;32;3770;9.6;-1.48;1.72
25068;65;1.224;1240;0;32;3770;9.4;-1.44;1.68
25068;65;1.224;1240;0;32;3770;9.6;-1.44;1.64
25068;65;1.223;1240;0;32;3760;9.4;-1.32;1.44
25068;67;1.223;1241;0;32;3750;9.6;-1.44;1.64
25068;67;1.223;1241;0;32;3760;9.6;-1.48;1.68
25068;67;1.223;1241;0;32;3770;9.4;-1.44;1.6
25867;66;1.224;1240;0;32.1;3760;9.6;-1.24;1.72
25867;66;1.224;1240;0;32.1;3770;9.4;-1.32;1.6
25867;65;1.224;1240;0;32;3770;9.4;-1.52;1.64
26966;66;1.216;1239;0;32.1;3760;9.4;-1.12;1.8
26966;66;1.216;1239;0;32.1;3770;9.6;-1;1.88
26966;66;1.224;1239;0;32.1;3770;9.6;-1.2;1.84
26966;66;1.224;1240;0;32.1;3760;9.4;-1.12;1.84
27916;67;1.212;1238;0;32.1;3770;9.6;-1.08;1.88
27916;67;1.212;1238;0;32.1;3760;9.4;-1.12;1.88
27916;67;1.212;1239;0;32.1;3760;9.4;-1.04;1.96
27916;67;1.216;1238;0;32.1;3770;9.6;-1.12;1.88
28941;64;1.212;1238;0;32;3760;9.6;-1.04;2
28941;64;1.212;1238;0;32;3760;9.4;-1;1.64
28941;67;1.212;1238;0;32;3790;9.4;-1.08;1.96
28941;67;1.212;1238;0;32;3760;9.4;-1.04;1.88
29931;64;1.212;1237;0;32.1;3770;9.4;-1.12;1.88
29931;64;1.212;1237;0;32.1;3760;9.6;-1.2;1.88
29931;64;1.212;1237;0;32.1;3750;9.4;-1.12;1.96
29931;64;1.212;1237;0;32;3770;9.4;-1.16;1.92
30915;64;1.207;1237;0;32.1;3780;9.4;-1.08;1.96
30915;64;1.207;1237;0;32.1;3790;9.6;-1.08;1.92
30915;64;1.212;1237;0;32.1;3770;9.4;-1.16;1.56
30915;64;1.212;1237;0;32.1;3760;9.4;-1.08;2
31945;64;1.201;1236;0;32.1;3760;9.6;-1.08;1.96
31945;64;1.201;1236;0;32.1;3760;9.4;-1.12;1.84
31945;64;1.207;1236;0;32.1;3760;9.4;-1.04;1.92
31945;64;1.207;1236;0;32.1;3770;9.4;-1.08;2
32931;63;1.194;1235;0;32.2;3770;9.4;-1.04;1.96
32931;63;1.194;1235;0;32.2;3770;9.6;-1.08;2
32931;63;1.201;1235;0;32.2;3760;9.6;-1.04;2
32931;64;1.201;1236;0;32.2;3770;9.4;-1.12;2
33938;66;1.186;1233;0;32.2;3770;9.4;-1.16;2
33938;66;1.186;1234;0;32.2;3770;9.4;-1.16;1.96
33938;66;1.194;1234;0;32.2;3750;9.4;-1.16;1.88
33938;66;1.194;1234;0;32.2;3760;9.6;-1.12;2
34281;66;1.185;1234;0;32.2;3770;9.4;-1.12;2
34281;66;1.186;1234;0;32.2;3770;9.4;-1.12;2
34627;66;1.185;1234;0;32.2;3780;9.4;-1.08;2
34969;66;1.185;1233;0;32.2;3760;9.4;-0.96;2
35317;66;1.178;1233;0;32.2;3770;9.4;-0.96;2
35317;66;1.178;1234;0;32.2;3740;9.4;-1.08;2
35659;66;1.178;1233;0;32.2;3790;9.6;-1;2
36006;65;1.178;1233;0;32.2;3760;9.4;-1.04;2
36351;65;1.178;1233;0;32.2;3770;9.4;-1.04;2
36351;65;1.178;1233;0;32.2;3760;9.6;-0.96;2
36693;65;1.178;1234;0;32.2;3760;9.4;-1.04;2
37035;64;1.169;1232;0;32.2;3760;9.4;-1.12;2
37035;64;1.169;1231;0;32.2;3750;9.4;-1.04;2
37377;64;1.169;1231;0;32.2;3770;9.4;-1.04;2
37721;64;1.169;1232;0;32.2;3770;9.4;-1.04;2
38065;64;1.167;1231;0;32.2;3750;9.4;-1;2
38065;64;1.167;1231;0;32.2;3760;9.4;-1.12;2
38408;64;1.167;1231;0;32.2;3760;9.6;-1.04;2
38751;64;1.167;1231;0;32.3;3760;9.6;-1.04;1.92
39096;64;1.167;1230;0;32.3;3770;9.4;-1.08;2
39096;64;1.167;1231;0;32.3;3760;9.4;-1.04;2
39441;61;1.167;1229;0;32.3;3780;9.4;-1.04;2
39786;61;1.167;1230;0;32.3;3740;9.4;-1.12;2
39786;61;1.167;1230;0;32.3;3760;9.6;-1.08;2
40127;60;1.167;1229;0;32.3;3770;9.6;-1.08;2
40469;60;1.167;1230;0;32.3;3750;9.4;-1.12;2
40813;60;1.167;1229;0;32.3;3770;9.4;-1.04;2
40813;60;1.167;1229;0;32.3;3770;9.4;-1.08;2
41156;60;1.163;1229;0;32.3;3750;9.4;-1.04;2
41498;60;1.163;1229;0;32.3;3770;9.4;-1;2
41843;60;1.163;1228;0;32.3;3750;9.4;-1;2
41843;60;1.163;1228;0;32.3;3770;9.4;-1.04;2
42185;60;1.163;1228;0;32.3;3760;9.4;-1.12;2
42528;60;1.163;1228;0;32.3;3770;9.4;-0.96;2
42528;60;1.163;1228;0;32.3;3760;9.4;-1.04;2
42874;60;1.163;1227;0;32.3;3780;9.4;-1.04;2
43216;60;1.163;1227;0;32.3;3770;9.4;-1.2;2
43561;54;1.163;1229;0;32.3;3770;9.4;-0.96;2
43561;60;1.163;1227;0;32.3;3750;9.4;-1.08;2
43905;54;1.282;1228;0;32.3;3770;9.4;-1.04;2
44250;54;1.282;1227;0;32.3;3760;9.4;-1.04;2
44594;55;1.282;1226;0;32.3;3790;9.4;-1;2
44594;54;1.282;1227;0;32.3;3760;9.4;-0.96;2
44937;55;1.282;1226;0;32.3;3770;9.4;-0.96;2
45279;55;1.282;1226;0;32.3;3780;9.4;-1.04;2
45623;57;1.282;1225;0;32.3;3770;9.6;-1.04;2
45623;55;1.282;1226;0;32.3;3760;9.4;-1;2
45966;57;1.269;1225;0;32.3;3770;9.4;-1.08;2
46310;57;1.269;1224;0;32.4;3760;9.6;-1.12;2
46310;57;1.269;1225;0;32.3;3770;9.4;-1.12;2
46652;57;1.261;1225;0;32.4;3780;9.4;-1.08;2
46994;57;1.261;1224;0;32.4;3770;9.4;-1.04;2
47337;57;1.255;1224;0;32.4;3770;9.4;-1.24;1.96
47337;57;1.261;1224;0;32.4;3770;9.4;-1.12;2
47684;57;1.255;1224;0;32.4;3760;9.4;-1.16;1.88
48027;57;1.255;1223;0;32.4;3750;9.6;-1.12;2
48369;57;1.255;1224;0;32.4;3780;9.4;-1.12;2
48369;57;1.255;1223;0;32.4;3760;9.6;-1.2;2
48714;55;1.255;1223;0;32.4;3770;9.6;-1.04;2.2
49059;55;1.255;1223;0;32.4;3740;9.4;-1.24;2
49059;55;1.255;1223;0;32.4;3780;9.6;-1.12;2
49402;55;1.255;1222;0;32.4;3760;9.4;-1.2;2
49744;57;1.255;1222;0;32.4;3780;9.4;-1;2
50086;57;1.269;1222;0;32.5;3760;9.4;-1.08;2
50086;57;1.269;1222;0;32.4;3760;9.4;-1;2
50432;57;1.269;1222;0;32.5;3760;9.4;-0.96;2
50776;57;1.269;1221;0;32.5;3770;9.4;-1.08;2
51119;57;1.262;1221;0;32.5;3760;9.4;-1.04;2
51119;57;1.262;1221;0;32.5;3760;9.4;-1;2
51460;57;1.262;1221;0;32.5;3780;9.4;-1.04;2
51802;57;1.251;1221;0;32.5;3760;9.4;-1.04;2
51802;57;1.251;1221;0;32.5;3770;9.6;-1;2
52148;57;1.251;1220;0;32.5;3760;9.4;-1.04;2
52493;57;1.243;1221;0;32.5;3760;9.4;-0.96;1.96
52835;57;1.243;1220;0;32.5;3790;9.6;-0.92;2.2
52835;57;1.243;1220;0;32.5;3770;9.4;-1;2.2
53177;57;1.243;1220;0;32.5;3770;9.4;-0.96;2
53519;57;1.243;1220;0;32.5;3760;9.4;-0.92;2
53863;55;1.243;1219;0;32.5;3750;9.4;-0.92;2
53863;57;1.243;1219;0;32.5;3770;9.4;-1;2.2
54208;55;1.243;1219;0;32.5;3760;9.4;-0.92;2
54551;55;1.243;1219;0;32.5;3750;9.4;-1;2
54551;55;1.243;1219;0;32.5;3760;9.4;-1;2
54894;55;1.264;1218;0;32.5;3770;9.4;-1.04;2
55237;55;1.264;1218;0;32.5;3770;9.4;-1.04;2
55583;55;1.264;1217;0;32.5;3780;9.4;-1.08;2
55583;55;1.264;1218;0;32.5;3760;9.4;-1.08;2
55927;55;1.26;1218;0;32.5;3750;9.4;-1.04;2
56271;55;1.26;1218;0;32.5;3770;9.6;-0.96;2
56617;55;1.26;1217;0;32.6;3770;9.6;-0.92;2.2
56617;55;1.26;1217;0;32.5;3760;9.4;-1;2
56960;55;1.26;1217;0;32.6;3760;9.4;-0.92;2
57302;55;1.26;1217;0;32.6;3760;9.4;-0.88;2
57644;55;1.26;1217;0;32.6;3760;9.4;-0.92;2
57644;55;1.26;1217;0;32.6;3760;9.4;-0.96;2
57987;55;1.26;1217;0;32.6;3750;9.4;-0.92;1.88
58329;51;1.26;1216;0;32.6;3770;9.6;-0.96;2
58329;51;1.26;1216;0;32.6;3750;9.4;-0.96;2
58673;51;1.26;1216;0;32.6;3770;9.4;-0.92;2
59016;51;1.26;1217;0;32.6;3760;9.4;-1;2
59360;51;1.32;1215;0;32.6;3760;9.4;-0.96;2
59360;51;1.32;1215;0;32.6;3760;9.4;-0.96;2
59702;51;1.32;1216;0;32.6;3780;9.4;-0.8;2
60046;51;1.32;1215;0;32.6;3770;9.6;-1.48;2
60391;51;1.307;1214;0;32.6;3780;9.6;-0.64;2.4
60391;51;1.307;1214;0;32.6;3750;9.8;-1.32;1.68
60733;51;1.307;1214;0;32.6;3760;9.4;-0.8;1.64
61077;51;1.302;1214;0;32.6;3760;9.4;-0.72;1.96
61077;51;1.302;1214;0;32.6;3770;9.6;-0.64;1.4
61421;53;1.302;1214;0;32.6;3750;9.4;-0.92;2.2
61763;53;1.287;1214;0;32.6;3760;9.6;-0.8;1.88
62106;53;1.287;1211;0;32.6;3750;10;-0.56;2.2
62106;53;1.287;1213;0;32.6;3770;9.6;-0.72;2.4
62452;54;1.287;1212;0;32.6;3760;9.8;-0.68;2
62797;54;1.276;1212;0;32.6;3760;9.6;-0.92;2.2
63141;53;1.276;1212;0;32.6;3740;9.4;-1.04;2.2
63141;54;1.276;1212;0;32.6;3770;9.6;-0.92;2.4
63483;53;1.267;1213;0;32.6;3760;8.8;-0.88;2.4
63827;59;1.267;1212;0;32.6;3770;9.4;-1.32;1.36
63827;53;1.267;1212;0;32.6;3760;9.8;-1.04;2
64168;59;1.258;1212;0;32.6;3770;8.8;-1.76;1.84
64510;59;1.258;1210;0;32.7;3760;9.6;-0.96;1.52
64852;59;1.258;1210;0;32.7;3750;9.4;-1.68;1.8
64852;59;1.258;1214;0;32.7;3770;9.6;-1.8;2
65194;59;1.258;1211;0;32.7;3780;9.4;-1.32;1.92
65539;57;1.258;1210;0;32.7;3760;9.4;-1.52;1.96
65885;57;1.258;1209;0;32.7;3770;9.4;-1.4;1.96
65885;57;1.258;1211;0;32.7;3760;9.4;-1.56;2
66229;58;1.258;1210;0;32.7;3770;9.6;-1.12;2
66572;58;1.258;1210;0;32.7;3770;9.6;-1.16;1.96
66919;58;1.258;1209;0;32.7;3790;9.4;-1.12;1.92
66919;58;1.258;1210;0;32.7;3770;9.4;-1.16;1.8
67264;58;1.247;1209;0;32.7;3770;9.4;-1.2;1.96
67609;58;1.247;1208;0;32.7;3760;9.6;-1;1.96
67609;58;1.247;1210;0;32.7;3760;9.4;-1.16;2
67951;58;1.236;1209;0;32.7;3760;9.4;-1.2;2
68295;58;1.236;1209;0;32.7;3750;9.4;-1.2;1.92
68638;60;1.232;1208;0;32.7;3770;9.4;-1.2;1.84
68638;60;1.236;1208;0;32.7;3750;9.4;-1.16;1.84
68984;60;1.232;1208;0;32.7;3760;9.6;-1.16;1.88
69327;61;1.232;1209;0;32.7;3750;9.4;-1.16;2
69669;61;1.228;1207;0;32.8;3750;9.4;-1.16;2
69669;61;1.228;1207;0;32.7;3770;9.6;-1.16;1.96
70011;61;1.228;1207;0;32.8;3760;9.4;-1.24;2
70355;60;1.218;1207;0;32.8;3770;9.4;-1.28;1.96
70355;60;1.228;1207;0;32.8;3760;9.4;-1.24;1.52
70697;60;1.218;1207;0;32.8;3750;9.4;-1.24;2
71041;60;1.218;1205;0;32.7;3770;9.4;-1.2;2
71384;61;1.215;1206;0;32.7;3760;9.4;-1.04;2
71384;61;1.218;1206;0;32.7;3750;9.4;-1.04;2
71727;61;1.215;1206;0;32.7;3770;9.4;-1.08;2
72068;60;1.215;1206;0;32.7;3760;9.4;-1;2.2
72412;60;1.208;1206;0;32.8;3750;9.4;-1.04;2
72412;60;1.208;1206;0;32.8;3760;9.4;-1.04;2
72757;60;1.208;1206;0;32.8;3770;9.6;-1;2
73102;62;1.205;1205;0;32.8;3760;9.4;-1;2
73102;62;1.208;1205;0;32.8;3750;9.6;-1;2.2
73443;62;1.205;1205;0;32.8;3750;9.4;-1.04;2
73785;62;1.205;1205;0;32.8;3770;9.4;-1.08;2
74131;62;1.196;1204;0;32.8;3770;9.4;-1.12;2
74131;62;1.205;1204;0;32.8;3770;9.4;-1;2.2
74475;62;1.196;1204;0;32.8;3780;9.4;-1.16;2
74822;62;1.196;1204;0;32.8;3740;9.4;-1.12;2
75167;62;1.195;1204;0;32.8;3770;9.4;-1.08;2
75167;62;1.196;1205;0;32.8;3770;9.4;-1.08;2.2
75510;62;1.195;1204;0;32.8;3760;9.4;-1.08;2
75852;62;1.195;1203;0;32.8;3750;9.4;-1.04;2
76196;62;1.195;1203;0;32.8;3760;9.4;-1;2
76196;62;1.195;1204;0;32.8;3750;9.4;-1;2
76540;64;1.195;1205;0;32.8;3770;9.4;-1.08;2
76882;64;1.195;1203;0;32.8;3760;9.4;-1.12;2
76882;64;1.195;1203;0;32.8;3770;9.4;-1.08;2
77227;64;1.195;1203;0;32.8;3770;9.4;-1.08;2
77570;64;1.195;1202;0;32.8;3780;9.4;-1.12;1.88
77912;64;1.195;1202;0;32.8;3760;9.4;-1.16;2
77912;64;1.195;1203;0;32.8;3760;9.4;-1.16;2
78256;64;1.195;1202;0;32.8;3750;9.4;-1.28;2
78602;65;1.195;1202;0;32.8;3760;9.4;-1.24;2
78947;65;1.191;1202;0;32.9;3760;9.4;-1.2;2.2
78947;65;1.191;1202;0;32.9;3770;9.4;-1.24;2.2
79292;64;1.191;1201;0;32.9;3770;9.4;-1.16;2
79634;64;1.183;1201;0;32.9;3770;9.4;-1.08;2
79634;64;1.183;1201;0;32.9;3750;9.6;-1.12;2.2
79977;64;1.183;1201;0;32.9;3760;9.6;-1.08;2
80318;64;1.183;1200;0;32.9;3760;9.4;-1.12;2
80664;64;1.18;1200;0;32.9;3760;9.4;-1.08;2
80664;64;1.18;1201;0;32.9;3770;9.4;-1.16;2
81008;64;1.18;1200;0;32.9;3750;9.6;-1;2
81351;63;1.18;1200;0;32.9;3770;9.4;-1.12;2
81693;63;1.172;1199;0;32.9;3760;9.4;-1.12;2
81693;63;1.172;1200;0;32.9;3760;9.4;-1.12;2
82035;63;1.172;1199;0;32.9;3770;9.6;-1.2;2
82377;63;1.167;1199;0;32.9;3770;9.4;-1.12;2.2
82377;63;1.167;1199;0;32.9;3760;9.4;-1.2;2
82721;63;1.167;1199;0;32.9;3760;9.4;-1.12;2.2
83067;63;1.167;1198;0;32.9;3770;9.4;-1.04;2.2
83410;63;1.166;1198;0;32.9;3780;9.4;-1.08;2
83410;63;1.166;1199;0;32.9;3760;9.6;-1.08;2
83753;65;1.166;1198;0;32.9;3760;9.4;-1;2
84099;65;1.166;1198;0;32.9;3750;9.4;-1.04;2
84442;65;1.166;1198;0;32.9;3770;9.6;-1.2;2
84442;65;1.166;1198;0;32.9;3740;9.4;-1.04;2
84785;64;1.166;1197;0;32.9;3760;9.6;-1.16;1.96
85128;64;1.158;1197;0;33;3770;9.4;-1.24;1.96
85128;64;1.158;1198;0;32.9;3750;9.4;-1.2;2
85475;64;1.158;1197;0;33;3750;9.4;-1.24;2
85817;64;1.159;1197;0;33;3760;9.4;-1.16;2.2
86160;64;1.159;1197;0;33;3770;9.4;-1.08;2.2
86160;64;1.159;1197;0;33;3760;9.4;-1.2;2
86501;64;1.152;1197;0;33;3770;9.4;-1.04;2
86843;64;1.152;1196;0;33;3750;9.4;-1;2
87187;63;1.152;1195;0;33;3770;9.4;-1;2
87187;64;1.152;1195;0;33;3770;9.4;-1.04;2
87529;63;1.153;1195;0;33;3780;9.4;-1.08;2
87874;63;1.153;1195;0;32.9;3750;9.4;-1;2
88216;63;1.153;1194;0;32.9;3740;9.6;-1.04;2
88216;63;1.153;1194;0;32.9;3760;9.4;-1.08;2.2
88560;63;1.148;1195;0;32.9;3770;9.4;-1.12;2
88902;63;1.148;1196;0;33;3770;9.4;-1.12;2
88902;63;1.148;1194;0;32.9;3750;9.4;-1.12;2
89243;63;1.147;1193;0;33;3770;9.4;-1.12;2
89586;63;1.147;1194;0;33;3770;9.4;-1.16;2
89930;63;1.147;1192;0;33;3760;9.4;-1.08;2
89930;63;1.147;1193;0;33;3760;9.4;-1.08;2
90274;63;1.147;1193;0;33;3770;9.4;-1.04;2.2
90617;63;1.147;1193;0;33;3770;9.4;-1;2
90960;60;1.147;1192;0;33;3760;9.2;-0.88;1.64
90960;60;1.147;1192;0;33;3780;9.4;-1.04;2
91301;60;1.147;1192;0;33;3750;9.4;-1.08;2
91643;61;1.147;1193;0;33;3760;9.2;-0.8;1.96
91985;61;1.147;1193;0;33;3770;9.2;-1.4;2.4
91985;61;1.147;1193;0;33;3760;9.4;-1.24;2.2
92327;62;1.147;1193;0;33;3780;9.4;-1.12;2.2
92669;62;1.145;1193;0;33;3760;9.4;-0.96;2.2
92669;62;1.145;1193;0;33;3760;9.4;-1.04;2.4
93012;62;1.145;1193;0;33;3770;9.4;-1.04;2.4
93355;62;1.139;1192;0;33;3750;9.4;-1.04;2.2
93697;62;1.139;1192;0;33;3760;9.4;-1;2.4
93697;62;1.139;1192;0;33;3780;9.4;-1.08;2.4
94041;62;1.139;1192;0;33;3760;9.4;-0.88;2.2
94383;62;1.138;1192;0;33.1;3760;9.6;-0.92;2.4
94726;62;1.138;1191;0;33.1;3760;9.4;-0.96;2.2
94726;62;1.138;1192;0;33.1;3770;9.4;-0.92;2.2
95068;62;1.138;1191;0;33.1;3760;9.6;-1;2.2
95414;62;1.138;1191;0;33.1;3760;9.6;-0.8;2.4
95414;62;1.138;1191;0;33.1;3740;9.4;-0.96;2.2
95758;62;1.138;1191;0;33.1;3760;9.4;-0.96;2.2
96101;62;1.138;1191;0;33.1;3750;9.4;-0.92;2.4
96443;62;1.138;1191;0;33.1;3770;9.2;-0.92;2.4
96443;62;1.138;1191;0;33.1;3760;9.4;-0.8;2.4
96790;59;1.138;1190;0;33.1;3760;9.6;-0.8;2.2
97132;59;1.138;1190;0;33.1;3780;9.6;-0.96;2.4
97477;59;1.138;1190;0;33.1;3750;9.2;-0.96;2
97477;59;1.138;1190;0;33.1;3750;9.4;-1;2.4
97818;59;1.138;1190;0;33.1;3770;9.2;-0.72;2.2
98161;60;1.138;1191;0;33.1;3760;9.4;-0.92;2.4
98161;59;1.138;1189;0;33.1;3770;9.4;-0.84;2.2
98505;60;1.133;1189;0;33.1;3750;9.4;-0.88;2
98849;60;1.133;1190;0;33.1;3760;9.4;-0.84;2.2
99193;60;1.129;1189;0;33.1;3770;9.4;-1.16;2
99193;60;1.133;1190;0;33.1;3750;9.2;-1.28;2.2
99538;60;1.129;1189;0;33.1;3770;9.2;-1.24;2.2
99881;60;1.129;1189;0;33.1;3760;9.6;-1.48;1.56
100222;60;1.125;1189;0;33.1;3750;9.6;-1.88;-1
100222;60;1.125;1188;0;33.1;3750;9.6;-1.48;0.36
100568;62;1.125;1188;0;33.1;3760;9.6;-1.84;-0.6
100909;62;1.128;1189;0;33.1;3760;9.4;-2.2;-0.88
101252;62;1.128;1189;0;33.1;3760;9.6;-1.6;2
101252;62;1.128;1189;0;33.1;3760;9.8;-1.68;-0.76
101593;62;1.128;1189;0;33.1;3760;8.2;-1.04;4.2
101939;62;1.128;1187;0;33.1;3750;9.4;-1.16;1.88
101939;62;1.128;1188;0;33.1;3750;9.2;-1.24;2.4
102281;59;1.128;1188;0;33.1;3750;9.4;-1.28;2
102625;59;1.128;1187;0;33.1;3770;9.4;-1.16;1.76
102966;59;1.128;1187;0;33.1;3740;9.6;-1.4;1.6
102966;59;1.128;1188;0;33.1;3770;9.6;-1.24;2.2
103310;59;1.193;1187;0;33.2;3760;9.6;-1.44;1.52
103652;59;1.193;1187;0;33.2;3770;9.4;-1.4;1.84
103993;59;1.193;1187;0;33.2;3760;9.4;-1.44;1.88
103993;59;1.193;1186;0;33.2;3760;9.4;-1.28;2
104335;59;1.193;1187;0;33.2;3750;9.6;-1.28;2
104677;59;1.193;1186;0;33.2;3760;9.4;-1.2;1.8
104677;59;1.193;1187;0;33.2;3760;9.4;-1.2;1.96
105021;59;1.193;1186;0;33.2;3760;9.6;-1.12;2.2
105363;59;1.193;1186;0;33.2;3760;9.4;-1.2;1.64
105706;55;1.193;1185;0;33.2;3760;9.4;-1.08;2
105706;55;1.193;1185;0;33.2;3750;9.6;-1.16;1.88
106049;55;1.193;1185;0;33.2;3750;9.4;-1.16;2
106393;55;1.193;1185;0;33.2;3760;9.4;-1.16;2
106735;55;1.193;1185;0;33.2;3750;9.4;-1.4;1.96
106735;55;1.193;1185;0;33.2;3760;9.4;-1.28;1.68
107077;55;1.193;1185;0;33.2;3740;9.6;-1.16;1.96
107418;55;1.187;1185;0;33.2;3750;9.6;-1.04;2
107761;55;1.187;1184;0;33.2;3750;9.6;-1.04;2
107761;55;1.187;1185;0;33.2;3750;9.6;-1.08;1.88
108104;55;1.187;1185;0;33.2;3760;9.6;-1.36;2
108449;55;1.187;1185;0;33.2;3750;9.4;-1.68;2
108449;55;1.187;1185;0;33.2;3750;9.4;-1.76;1.92
108793;55;1.187;1184;0;33.2;3770;9.4;-1.6;1.92
109137;55;1.187;1183;0;33.2;3760;9.4;-1.68;2
109483;52;1.299;1184;0;33.2;3760;9.6;-1.64;1.76
109483;52;1.187;1183;0;33.2;3750;9.2;-1.6;1.6
109827;52;1.299;1185;0;33.2;3750;9.2;-1.56;1.88
110171;52;1.299;1185;0;33.2;3760;9.6;-1.52;2.4
110517;52;1.299;1184;0;33.2;3770;9.4;-1.56;2.2
110517;52;1.299;1184;0;33.2;3770;9.4;-1.48;2
110862;50;1.299;1184;0;33.2;3760;9.4;-1.6;2
111207;50;1.31;1184;0;33.3;3760;9.4;-1.68;2.2
111207;50;1.31;1183;0;33.2;3750;9.4;-1.56;2
111552;50;1.31;1183;0;33.3;3770;9.6;-1.56;2.2
111894;51;1.31;1182;0;33.3;3750;9.4;-1.56;2.2
112237;51;1.31;1182;0;33.3;3750;9.4;-1.56;2
112237;51;1.31;1182;0;33.3;3780;9.4;-1.28;2.2
112582;51;1.31;1181;0;33.3;3770;9.4;-1.64;2
112927;51;1.305;1182;0;33.3;3750;9.4;-1.64;2.2
113268;53;1.295;1182;0;33.3;3750;9.4;-1.56;2
113268;53;1.305;1182;0;33.3;3770;9.4;-1.56;2.4
113613;53;1.295;1182;0;33.3;3750;9.4;-1.56;2.2
113957;54;1.281;1182;0;33.3;3770;9.4;-1.48;2
113957;54;1.295;1182;0;33.3;3740;9.4;-1.4;2.2
114299;54;1.281;1182;0;33.3;3760;9.4;-1.48;2
114643;54;1.281;1181;0;33.3;3760;9.4;-1.4;2
114984;54;1.281;1181;0;33.3;3770;9.4;-1.4;2.2
114984;54;1.281;1181;0;33.3;3750;9.4;-1.48;2.2
115327;52;1.281;1180;0;33.3;3760;9.2;-1.4;1.96
115669;52;1.344;1180;0;33.3;3750;9.4;-1.48;2
116012;52;1.344;1180;0;33.3;3760;9.4;-1.48;2.2
116012;52;1.344;1181;0;33.3;3760;9.4;-1.4;2
116355;51;1.344;1180;0;33.3;3760;9.4;-1.48;2.2
116697;51;1.344;1180;0;33.3;3770;9.4;-1.44;2
117042;51;1.344;1179;0;33.3;3760;9.4;-1.48;2.2
117042;51;1.344;1179;0;33.3;3770;9.4;-1.44;2
117385;51;1.344;1179;0;33.3;3770;9.4;-1.48;2
117729;51;1.327;1179;0;33.3;3740;9.4;-1.48;2
117729;51;1.327;1179;0;33.3;3770;9.4;-1.52;2.2
118073;55;1.327;1179;0;33.3;3750;9.4;-1.52;2.2
118415;55;1.316;1179;0;33.3;3750;9.4;-1.56;2
118760;56;1.316;1181;0;33.3;3770;9.4;-1.44;2.4
118760;55;1.316;1180;0;33.3;3760;9.4;-1.56;2.2
119104;56;1.307;1179;0;33.3;3760;9.4;-1.48;2.2
119446;56;1.307;1179;0;33.3;3750;9.4;-1.48;2.2
119790;56;1.307;1179;0;33.3;3770;9.4;-1.48;2.2
119790;56;1.307;1179;0;33.3;3760;9.4;-1.52;2.2
120133;56;1.295;1180;0;33.3;3760;9.4;-1.44;2.2
120476;56;1.295;1178;0;33.4;3770;9.4;-1.52;2.2
120476;56;1.295;1179;0;33.4;3760;9.4;-1.48;2.2
120819;56;1.295;1178;0;33.4;3750;9.4;-1.52;2
121164;56;1.295;1178;0;33.4;3750;9.4;-1.44;2
121508;53;1.295;1178;0;33.4;3760;9.4;-1.52;2.2
121508;56;1.295;1177;0;33.4;3760;9.4;-1.44;2.2
121851;53;1.35;1176;0;33.4;3760;9.4;-1.56;2
122193;53;1.35;1177;0;33.4;3770;9.4;-1.64;2
122535;52;1.35;1176;0;33.4;3760;9.4;-1.4;2.2
122535;53;1.35;1176;0;33.4;3750;9.4;-1.56;2
122876;52;1.35;1176;0;33.4;3770;9.4;-1.44;2.2
123218;52;1.35;1175;0;33.4;3770;9.4;-1.56;2.2
123218;52;1.35;1175;0;33.4;3760;9.4;-1.48;2.2
123560;52;1.35;1175;0;33.4;3750;9.4;-1.56;2.2
123903;52;1.334;1175;0;33.4;3760;9.4;-1.52;2.2
124249;52;1.334;1173;0;33.5;3780;9.4;-1.6;2.2
124249;52;1.334;1173;0;33.5;3750;9.4;-1.52;2.2
124593;52;1.334;1173;0;33.5;3760;9.4;-1.52;1.96
124935;52;1.334;1172;0;33.5;3770;9.4;-1.52;2
125276;52;1.334;1171;0;33.5;3750;9.4;-1.48;2.2
125276;52;1.334;1172;0;33.5;3760;9.4;-1.52;2.2
125618;52;1.334;1171;0;33.5;3780;9.4;-1.52;2.2
125964;52;1.334;1171;0;33.5;3770;9.4;-1.4;2.2
126309;50;1.334;1171;0;33.5;3760;9.2;-1.48;2
126309;50;1.334;1171;0;33.5;3770;9.6;-1.44;2
126651;50;1.334;1171;0;33.5;3750;9.4;-1.48;2.2
126997;50;1.334;1171;0;33.4;3760;9.4;-1.52;2.2
126997;50;1.334;1171;0;33.4;3760;9.4;-1.52;2.2
127341;50;1.334;1171;0;33.4;3780;9.4;-1.48;2.2
127685;50;1.334;1171;0;33.4;3750;9.4;-1.4;2.2
128026;50;1.334;1171;0;33.5;3760;9.4;-1.48;2
128026;50;1.334;1171;0;33.4;3740;9.4;-1.48;2
128370;52;1.334;1171;0;33.5;3770;9.4;-1.44;2
128711;52;1.334;1171;0;33.5;3750;9.4;-1.44;2
129055;52;1.334;1171;0;33.5;3750;9.4;-1.44;2.2
129055;52;1.334;1171;0;33.5;3770;9.4;-1.4;2.2
129397;52;1.334;1171;0;33.5;3770;9.4;-1.44;2.2
129742;51;1.343;1170;0;33.5;3760;9.4;-1.44;2.2
129742;51;1.334;1170;0;33.5;3760;9.4;-1.44;2.2
130084;51;1.343;1170;0;33.5;3770;9.4;-1.52;2.2
130427;51;1.343;1170;0;33.5;3770;9.4;-1.48;2.2
130771;51;1.33;1171;0;33.5;3760;9.4;-1.48;2.2
130771;51;1.343;1170;0;33.5;3750;9.4;-1.4;2.2
131117;51;1.33;1171;0;33.5;3750;9.4;-1.48;2.2
131460;51;1.33;1171;0;33.5;3760;9.4;-1.48;2.2
131801;51;1.33;1170;0;33.5;3770;9.4;-1.44;2.2
131801;51;1.33;1170;0;33.5;3750;9.4;-1.48;2.2
132143;51;1.33;1169;0;33.5;3750;9.4;-1.44;2.2
132487;51;1.33;1169;0;33.5;3760;9.4;-1.44;2.2
132833;51;1.33;1170;0;33.5;3760;9.4;-1.4;2.2
132833;51;1.33;1169;0;33.5;3770;9.4;-1.44;2
133176;51;1.33;1169;0;33.5;3750;9.4;-1.48;2.2
133518;53;1.33;1168;0;33.5;3770;9.4;-1.44;2
133518;51;1.33;1168;0;33.5;3770;9.4;-1.44;2.2
133861;53;1.33;1168;0;33.5;3760;9.4;-1.48;2.2
134204;53;1.33;1169;0;33.5;3760;9.4;-1.44;2.2
134546;52;1.33;1168;0;33.5;3770;9.4;-1.44;2
134546;53;1.33;1169;0;33.5;3760;9.4;-1.44;2
134888;52;1.314;1169;0;33.5;3770;9.4;-1.44;2.2
135231;52;1.314;1168;0;33.5;3750;9.4;-1.48;2.2
135575;52;1.3;1168;0;33.5;3750;9.4;-1.52;2.2
135575;52;1.314;1169;0;33.5;3750;9.4;-1.48;2.2
135918;52;1.3;1167;0;33.5;3760;9.4;-1.48;2.2
136260;51;1.3;1166;0;33.5;3760;9.6;-1;2.4
136260;52;1.3;1166;0;33.5;3750;9.4;-1.48;2.2
136601;51;1.292;1167;0;33.5;3760;9.4;-1.36;2.2
136945;51;1.292;1166;0;33.5;3760;9.4;-0.92;2.2
137289;51;1.28;1167;0;33.5;3750;9.6;-0.4;2.2
137289;51;1.292;1167;0;33.5;3770;9.6;-0.84;2.4
137634;51;1.28;1167;0;33.5;3760;9.6;-0.8;2.4
137976;51;1.28;1165;0;33.5;3760;9.4;-1;2.4
138318;52;1.268;1165;0;33.5;3760;9.4;-0.96;2.4
138318;52;1.28;1166;0;33.5;3750;9.2;-0.96;2.4
138660;52;1.268;1165;0;33.5;3770;9.4;-0.92;2.4
139003;52;1.268;1166;0;33.5;3760;9.4;-0.76;2.4
139346;52;1.268;1165;0;33.5;3770;9.4;-0.72;2.4
139346;52;1.268;1164;0;33.5;3750;9.4;-0.76;2.2
139689;52;1.268;1165;0;33.5;3770;9.4;-0.68;2.4
140032;50;1.268;1165;0;33.5;3760;9.4;-0.92;2.4
140032;50;1.268;1164;0;33.5;3770;9.4;-0.6;2.4
140376;50;1.268;1164;0;33.5;3750;9.4;-1.04;2.4
140719;50;1.268;1164;0;33.5;3760;9.4;-1;2.4
141062;50;1.268;1163;0;33.6;3780;9.4;-0.88;2.2
141062;50;1.268;1163;0;33.5;3750;9.4;-0.84;2.4
141405;50;1.268;1163;0;33.6;3780;9.4;-0.92;2.4
141747;50;1.268;1162;0;33.6;3770;9.4;-0.92;2.4
142092;50;1.26;1162;0;33.6;3760;9.4;-0.92;2.4
142092;50;1.268;1162;0;33.6;3760;9.4;-0.92;2.4
142435;50;1.26;1161;0;33.6;3760;9.4;-0.96;2.4
142776;50;1.251;1162;0;33.6;3770;9.4;-0.88;2.4
142776;50;1.26;1161;0;33.6;3780;9.4;-0.92;2.4
143118;50;1.251;1162;0;33.6;3760;9.4;-0.88;2.4
143461;50;1.251;1163;0;33.6;3760;9.4;-0.92;2.4
143805;50;1.241;1162;0;33.6;3760;9.4;-0.88;2.4
143805;50;1.241;1161;0;33.6;3750;9.4;-0.84;2.4
144147;50;1.241;1162;0;33.6;3770;9.4;-0.84;2.2
144490;52;1.241;1162;0;33.6;3760;9.4;-0.88;2.4
144833;52;1.235;1161;0;33.7;3770;9.4;-0.92;2.4
144833;52;1.235;1161;0;33.6;3760;9.4;-0.88;2.4
145176;52;1.235;1161;0;33.7;3760;9.4;-1;2.4
145520;52;1.235;1161;0;33.7;3750;9.4;-0.96;2.4
145866;52;1.227;1162;0;33.7;3770;9.4;-1.08;2.4
145866;52;1.227;1161;0;33.7;3770;9.4;-1;2.2
146210;53;1.227;1161;0;33.6;3760;9.4;-1.12;2.2
146554;53;1.225;1162;0;33.6;3750;9.4;-1.24;2.2
146554;53;1.225;1162;0;33.6;3750;9.4;-1.08;2.2
146898;53;1.225;1161;0;33.6;3750;9.4;-1.28;2.2
147243;53;1.225;1162;0;33.6;3750;9.4;-1.2;2
147587;56;1.225;1161;0;33.7;3760;9.4;-1.16;2.4
147587;56;1.225;1162;0;33.7;3770;9.4;-1.2;2.2
147932;56;1.225;1161;0;33.7;3760;9.4;-1.16;2.2
148276;56;1.225;1161;0;33.7;3760;9.4;-1.08;1.84
148618;56;1.225;1161;0;33.6;3750;9.4;-0.84;2.4
148618;56;1.225;1161;0;33.7;3770;9.6;-1.12;2.2
148964;56;1.225;1159;0;33.6;3750;9.4;-1.12;2.2
149308;53;1.225;1158;0;33.6;3760;9.4;-1;2.2
149308;53;1.225;1159;0;33.6;3740;9.4;-1.04;2.2
149651;53;1.229;1158;0;33.6;3780;9.4;-1.2;2.4
149994;53;1.229;1158;0;33.6;3770;9.4;-1.16;2.2
150338;55;1.229;1159;0;33.6;3760;9.4;-1.12;2.4
150338;55;1.229;1158;0;33.6;3760;9.2;-1.16;2.2
150680;55;1.229;1158;0;33.6;3760;9.4;-1.08;2.4
151023;55;1.229;1158;0;33.6;3770;9.4;-1.08;2.4
151365;55;1.229;1158;0;33.7;3750;9.4;-1;2.2
151365;55;1.229;1158;0;33.6;3760;9.4;-1;2.4
151710;55;1.229;1158;0;33.7;3760;9.4;-1.04;2.2
152054;55;1.229;1158;0;33.7;3770;9.4;-1.04;2.2
152054;55;1.229;1158;0;33.7;3770;9.4;-1.16;2.2
152398;55;1.229;1157;0;33.7;3750;9.4;-1.04;2.2
152742;52;1.229;1157;0;33.7;3770;9.4;-1.04;2.2
153084;52;1.229;1157;0;33.7;3750;9.4;-1.04;2.2
153084;52;1.229;1157;0;33.7;3770;9.4;-1.04;2.4
153426;52;1.229;1157;0;33.7;3750;9.4;-0.92;2.4
153769;52;1.295;1156;0;33.7;3750;9.4;-0.96;2.2
154111;52;1.295;1156;0;33.7;3760;9.4;-1.04;2.2
154111;52;1.295;1156;0;33.7;3750;9.4;-1.04;2.2
154455;54;1.295;1156;0;33.7;3750;9.4;-1.08;2.2
154797;54;1.281;1156;0;33.7;3750;9.4;-1;2.4
155141;54;1.281;1155;0;33.7;3760;9.4;-1.08;2.4
155141;54;1.281;1156;0;33.7;3760;9.4;-1.12;2.4
155484;55;1.281;1154;0;33.7;3750;9.4;-1.04;2.4
155826;55;1.272;1154;0;33.7;3750;9.4;-1;2.4
155826;55;1.272;1154;0;33.7;3760;9.4;-1.04;2.4
156170;55;1.272;1154;0;33.7;3770;9.4;-1;2.2
156515;55;1.272;1155;0;33.7;3750;9.4;-1;2.2
156859;53;1.272;1155;0;33.7;3750;9.4;-1;2.2
156859;55;1.272;1155;0;33.7;3750;9.4;-1.04;2.2
157202;53;1.272;1154;0;33.7;3770;9.4;-1;2.2
157544;53;1.272;1154;0;33.7;3770;9.4;-1.04;2.2
157887;53;1.272;1153;0;33.8;3760;9.4;-1;2.2
157887;53;1.272;1154;0;33.7;3760;9.4;-1.04;2.2
158230;53;1.272;1154;0;33.8;3750;9.4;-0.92;2.2
158574;51;1.272;1154;0;33.8;3760;9.4;-1.16;2.4
158574;53;1.272;1154;0;33.8;3760;9.4;-1;2.4
158916;51;1.261;1154;0;33.8;3770;9.4;-1.08;2.4
159260;51;1.261;1154;0;33.7;3760;9.4;-1.04;2.4
159603;52;1.261;1153;0;33.7;3760;9.4;-1.08;2.4
159603;52;1.261;1154;0;33.7;3760;9.4;-1.08;2.4
159945;52;1.261;1154;0;33.7;3750;9.4;-1.04;2.2
160289;52;1.261;1153;0;33.7;3760;9.4;-1.04;2.2
160634;52;1.251;1153;0;33.8;3750;9.4;-1.08;2.4
160634;52;1.251;1154;0;33.8;3760;9.4;-1.12;2.2
160978;52;1.251;1153;0;33.8;3760;9.4;-1;2.2
161322;52;1.251;1152;0;33.8;3750;9.4;-1;2.2
161322;52;1.251;1153;0;33.8;3770;9.4;-1.04;2.2
161664;52;1.251;1153;0;33.8;3750;9.4;-1;2.2
162009;52;1.251;1152;0;33.8;3760;9.4;-1.08;2.4
162351;52;1.251;1152;0;33.8;3760;9.4;-1.04;2.4
162351;52;1.251;1152;0;33.8;3760;9.4;-1.08;2.4
162694;52;1.251;1151;0;33.8;3770;9.4;-1.08;2.2
163038;52;1.251;1151;0;33.8;3760;9.4;-1.08;2.4
163381;52;1.251;1151;0;33.8;3750;9.4;-1.04;2.2
163381;52;1.251;1152;0;33.8;3760;9.4;-1.04;2.2
163722;52;1.251;1151;0;33.8;3760;9.4;-1;2.2
164068;52;1.251;1152;0;33.8;3760;9.4;-1.04;2.2
164068;52;1.251;1152;0;33.8;3750;9.4;-1.04;2.2
164410;52;1.251;1152;0;33.8;3760;9.4;-1.04;2.4
164754;52;1.251;1152;0;33.8;3750;9.4;-1.04;2.2
165096;52;1.251;1152;0;33.8;3760;9.4;-1;2.2
165096;52;1.251;1152;0;33.8;3760;9.4;-1.04;2.2
165440;43;1.251;1152;0;33.8;3750;9.6;-1.16;2.4
165783;43;1.251;1151;0;33.8;3760;9.4;-1.24;2.2
166126;43;1.251;1151;0;33.8;3740;9.4;-1.2;2.4
166126;43;1.251;1151;0;33.8;3780;9.4;-1.16;2.2
166468;45;1.251;1151;0;33.8;3770;9.4;-1.2;2.4
166810;45;1.251;1151;0;33.8;3750;9.4;-1.2;2.2
167151;45;1.251;1150;0;33.8;3760;9.4;-1.12;2.2
167151;45;1.251;1151;0;33.8;3760;9.4;-1.24;2.2
167495;45;1.251;1150;0;33.8;3740;9.4;-1.16;2.4
167840;44;1.251;1148;0;33.8;3760;9.6;-1.08;2.2
167840;45;1.251;1149;0;33.8;3750;9.4;-1.08;2.2
168181;44;1.251;1148;0;33.9;3770;9.4;-1;2.2
168526;44;1.251;1148;0;33.9;3750;9.4;-1.12;2.2
168868;44;1.251;1147;0;33.9;3750;9.4;-1;2.2
168868;44;1.251;1148;0;33.9;3770;9.4;-1.08;2.2
169843;42;1.246;1147;0;33.9;3750;9.4;-1.12;2.4
169843;42;1.251;1148;0;33.9;3760;9.4;-1.04;2.6
169843;44;1.251;1148;0;33.9;3760;9.4;-1.04;2.4
169843;44;1.251;1147;0;33.9;3760;9.4;-0.96;2.4
170872;42;1.3;1147;0;33.9;3760;9.4;-1;2.4
170872;42;1.3;1147;0;33.9;3760;9.4;-1.08;2.4
170872;42;1.246;1148;0;33.9;3750;9.4;-1.2;2.6
170872;42;1.246;1147;0;33.9;3750;9.4;-1.16;2.4
171829;43;1.286;1148;0;33.9;3760;9.4;-1.04;2.4
171829;43;1.3;1147;0;33.9;3780;9.4;-1.08;2.2
171829;43;1.3;1147;0;33.9;3760;9.4;-1.08;2.4
172994;43;1.286;1147;0;33.9;3760;9.4;-1.08;2.4
172994;43;1.286;1147;0;33.9;3760;9.4;-1.08;2.4
172994;43;1.286;1147;0;33.9;3770;9.4;-1.04;2.4
172994;43;1.286;1148;0;33.9;3750;9.4;-1.04;2.4
172994;43;1.286;1148;0;33.9;3780;9.4;-1.04;2.2
173901;41;1.286;1146;0;33.9;3760;9.4;-1;2.4
173901;41;1.286;1146;0;33.9;3750;9.4;-1.08;2.4
173901;41;1.286;1147;0;33.9;3750;9.4;-1.12;2.4
173901;41;1.286;1147;0;33.9;3760;9.4;-1.08;2.4
174940;41;1.286;1144;0;33.9;3750;9.4;-1.04;2.2
174940;41;1.286;1144;0;33.9;3760;9.4;-1.08;2.4
174940;41;1.286;1146;0;33.9;3750;9.4;-1.04;2.4
174940;41;1.286;1146;0;33.9;3750;9.4;-1.04;2.4
175930;40;1.286;1144;0;33.9;3750;9.4;-1;2.4
175930;40;1.286;1144;0;33.9;3760;9.4;-1.08;2.4
175930;41;1.286;1144;0;33.9;3760;9.4;-1.04;2.4
175930;41;1.286;1145;0;33.9;3760;9.4;-1.04;2.4
176774;41;1.286;1144;0;33.9;3760;9.4;-1.24;2.4
176774;40;1.286;1143;0;33.9;3770;9.4;-1.12;2.4
176774;40;1.286;1144;0;33.9;3770;9.4;-0.92;2.4
177907;42;1.281;1144;0;33.9;3750;9.4;-1.04;2.4
177907;42;1.281;1144;0;33.9;3760;9.4;-1.16;2.4
177907;42;1.286;1143;0;33.9;3750;9.4;-1.12;2.4
177907;41;1.286;1144;0;33.9;3760;9.4;-1.16;2.4
177907;41;1.286;1144;0;33.9;3760;9.4;-1.32;2.4
178940;42;1.281;1143;0;33.9;3750;9.2;-1;2
178940;42;1.281;1143;0;33.9;3750;9.4;-1.04;2.4
178940;42;1.281;1144;0;33.9;3750;9.2;-1.04;2.4
178940;42;1.281;1144;0;33.9;3740;9.4;-1.08;2.4
179889;40;1.281;1143;0;33.9;3740;9.4;-1.08;2
179889;42;1.281;1143;0;33.9;3770;9.4;-1.04;2.4
179889;42;1.281;1143;0;33.9;3770;9.4;-1.04;2.4
179889;42;1.281;1142;0;33.9;3760;9.4;-1;2.4
180958;42;1.39;1142;0;33.9;3760;9.4;-1.24;2.4
180958;40;1.39;1143;0;33.9;3760;9.4;-1.16;2.4
180958;40;1.39;1143;0;33.9;3750;9.4;-1.16;2.4
180958;40;1.39;1143;0;33.9;3760;9.4;-1.08;2.4
181919;42;1.379;1142;0;34;3760;9.6;-1.28;2.2
181919;42;1.39;1143;0;34;3760;9.4;-1.12;2.4
181919;42;1.39;1143;0;34;3750;9.4;-1.16;2.4
181919;42;1.39;1142;0;34;3740;9.4;-1.24;2.4
182893;42;1.379;1146;0;34;3760;9.2;-2.2;2.2
182893;42;1.379;1146;0;34;3770;9.4;-1.68;2.4
182893;42;1.379;1146;0;34;3760;9.2;-2.2;2.2
182893;42;1.379;1145;0;34;3780;9;-2.6;1.88
183953;42;1.379;1144;0;34;3750;9.4;-1.92;2.4
183953;42;1.379;1145;0;34;3760;9.4;-1.88;2.4
183953;42;1.379;1146;0;34;3740;9.2;-2;2.2
183953;42;1.379;1146;0;34;3770;9.2;-2;2.2
184916;40;1.379;1143;0;34;3770;9.2;-1.32;2.2
184916;40;1.379;1144;0;34;3750;9.4;-1.8;2.4
184916;40;1.379;1144;0;34;3760;9.4;-1.76;2.4
184916;40;1.379;1144;0;34;3760;9.2;-1.76;2.2
185936;41;1.369;1143;0;34;3750;9.4;-1.64;1.92
185936;40;1.379;1144;0;34;3750;9.4;-1.72;2.2
185936;40;1.379;1143;0;34;3760;9.4;-1.2;2
185936;40;1.379;1143;0;34;3760;9;-1.56;2.2
186928;41;1.369;1142;0;34;3750;9.4;-1.6;2
186928;41;1.369;1142;0;34;3760;9.4;-1.6;2.2
186928;41;1.369;1143;0;34;3750;9.4;-1.72;2
186928;41;1.369;1143;0;34;3780;9.6;-1.68;2
187929;41;1.369;1142;0;34;3760;9.4;-1.48;2
187929;41;1.369;1142;0;34;3750;9.4;-1.48;2
187929;41;1.369;1142;0;34;3740;9.4;-1.48;2
187929;41;1.369;1142;0;34;3760;9.4;-1.48;2
188934;41;1.369;1141;0;34.1;3750;9.4;-1.44;2.2
188934;41;1.369;1142;0;34;3750;9.4;-1.4;2
188934;41;1.369;1141;0;34;3770;9.4;-1.44;2
188934;41;1.369;1141;0;34;3750;9.4;-1.44;2
189941;41;1.353;1143;0;34.1;3760;9.4;-1.52;2.2
189941;41;1.353;1142;0;34.1;3760;9.4;-1.48;2
189941;41;1.353;1142;0;34.1;3750;9.4;-1.52;2
189941;41;1.369;1142;0;34.1;3750;9.4;-1.36;2.2
190916;48;1.342;1142;0;34;3770;9.4;-1.44;2
190916;48;1.342;1142;0;34;3760;9.4;-1.44;2.2
190916;48;1.342;1141;0;34;3760;9.4;-1.48;2
191933;46;1.342;1141;0;34;3750;9.4;-1.4;2
191933;48;1.342;1140;0;34;3780;9.4;-1.36;2
191933;48;1.342;1142;0;34;3760;9.4;-1.44;2
191933;48;1.342;1142;0;34;3760;9.6;-1.4;2
191933;48;1.342;1142;0;34;3780;9.4;-1.44;2
192937;48;1.342;1141;0;34.1;3760;9.4;-1.48;2
192937;48;1.342;1141;0;34.1;3760;9.4;-1.52;2.2
192937;46;1.342;1141;0;34;3760;9.4;-1.44;2.2
192937;46;1.342;1141;0;34;3750;9.4;-1.44;2.2
193930;50;1.328;1141;0;34.1;3750;9.4;-1.44;2
193930;50;1.342;1140;0;34.1;3750;9.4;-1.44;2.2
193930;48;1.342;1140;0;34.1;3760;9.4;-1.44;2
193930;48;1.342;1141;0;34.1;3770;9.4;-1.48;2
194937;49;1.316;1139;0;34.1;3750;9.4;-1.52;2.2
194937;49;1.316;1139;0;34.1;3770;9.4;-1.4;2.2
194937;49;1.328;1139;0;34.1;3750;9.4;-1.44;2
194937;50;1.328;1140;0;34.1;3770;9.4;-1.4;2
195904;49;1.301;1139;0;34.1;3770;9.4;-1.52;2
195904;49;1.316;1139;0;34.1;3770;9.4;-1.52;2
195904;49;1.316;1139;0;34.1;3760;9.4;-1.52;2.2
196938;49;1.301;1139;0;34.1;3750;9.2;-1.52;2.4
196938;49;1.301;1140;0;34.1;3750;9.4;-1.6;2.2
196938;49;1.301;1139;0;34.1;3760;9.4;-1.36;2.2
196938;49;1.301;1139;0;34.1;3750;9.6;-1.56;2
196938;49;1.301;1139;0;34.1;3760;9.6;-1.48;2
197934;48;1.301;1139;0;34.1;3750;9.4;-1.36;2.4
197934;49;1.301;1139;0;34.1;3760;9.4;-1.44;2.4
197934;49;1.301;1139;0;34.1;3750;9.2;-1.44;2.4
198925;48;1.367;1139;0;34.1;3750;9.4;-1.24;2
198925;48;1.367;1139;0;34.1;3750;9.4;-1.32;2.2
198925;48;1.367;1139;0;34.1;3760;9.4;-1.28;2.4
198925;48;1.367;1139;0;34.1;3750;9.6;-1.32;2.2
199930;51;1.353;1139;0;34.2;3760;9.2;-1.08;2
199930;51;1.353;1139;0;34.2;3750;9.4;-1.08;2.4
199930;51;1.367;1138;0;34.2;3760;9.4;-1.12;2.4
199930;48;1.367;1139;0;34.1;3760;9.4;-1.2;2.4
200934;51;1.324;1138;0;34.2;3760;9.4;-1.04;2.2
200934;51;1.336;1138;0;34.2;3760;9.4;-1.08;2.4
200934;51;1.336;1138;0;34.2;3760;9.4;-1.04;2.4
200934;51;1.336;1138;0;34.2;3770;9.4;-1.04;2.4
201941;55;1.32;1138;0;34.2;3750;9.4;-1.08;2.2
201941;55;1.324;1138;0;34.2;3760;9.4;-1.04;2.2
201941;51;1.324;1138;0;34.2;3760;9.4;-1.04;2.4
201941;51;1.324;1137;0;34.2;3750;9.4;-1.08;2.4
202917;55;1.306;1137;0;34.1;3760;9.4;-1.16;2.4
202917;55;1.32;1137;0;34.1;3780;9.4;-1;2.2
202917;55;1.32;1138;0;34.1;3750;9.4;-1.04;2.2
202917;55;1.32;1138;0;34.1;3750;9.4;-1;2.4
203942;55;1.292;1137;0;34.2;3760;9.4;-1.08;2.4
203942;55;1.292;1136;0;34.2;3750;9.4;-1.08;2.4
203942;55;1.306;1138;0;34.2;3750;9.4;-1.08;2.4
203942;55;1.306;1137;0;34.1;3760;9.4;-1.04;2.4
204920;59;1.28;1136;0;34.2;3770;9.4;-1.04;2.4
204920;59;1.28;1137;0;34.2;3760;9.2;-1.12;2.4
204920;59;1.292;1136;0;34.2;3760;9.4;-1.16;2.4
204920;55;1.292;1136;0;34.2;3750;9.4;-1.12;2.4
205941;57;1.28;1137;0;34.2;3750;9.4;-1.04;2.4
205941;59;1.28;1137;0;34.2;3730;9.4;-1.08;2.4
205941;59;1.28;1137;0;34.2;3760;9.4;-1.12;2.2
205941;59;1.28;1137;0;34.2;3760;9.6;-1.16;2.6
206923;57;1.28;1136;0;34.2;3770;9.4;-1.24;2.4
206923;57;1.28;1136;0;34.2;3760;9.4;-1.24;2.6
206923;57;1.28;1136;0;34.2;3750;9.4;-1.12;2.4
206923;57;1.28;1136;0;34.2;3760;9.4;-1.04;2.2
207921;59;1.271;1136;0;34.2;3760;9.4;-1.2;2.2
207921;59;1.28;1136;0;34.2;3760;9.4;-1.32;2.4
207921;57;1.28;1136;0;34.2;3760;9.4;-1.28;2.4
207921;57;1.28;1136;0;34.2;3740;9.4;-1.28;2.2
208945;59;1.265;1135;0;34.2;3760;9.4;-1.16;2.2
208945;59;1.271;1134;0;34.2;3750;9.4;-1.04;2.4
208945;59;1.271;1136;0;34.2;3740;9.4;-1.08;2.4
208945;59;1.271;1136;0;34.2;3760;9.4;-1.2;2.4
209893;59;1.254;1134;0;34.2;3760;9.4;-1.08;2.2
209893;59;1.265;1133;0;34.2;3760;9.4;-1.12;2.2
209893;59;1.265;1134;0;34.2;3750;9.4;-1.16;2.4
209893;59;1.265;1135;0;34.2;3750;9.4;-1.08;2.2
210761;59;1.243;1134;0;34.2;3750;9.4;-1.2;2.4
210761;59;1.243;1134;0;34.2;3760;9.4;-1.16;2.2
210761;59;1.254;1134;0;34.2;3750;9.4;-1.2;2.4
210761;59;1.254;1134;0;34.2;3760;9.4;-1.12;2.4
211972;61;1.235;1134;0;34.2;3760;9.4;-1.24;2.4
211972;61;1.235;1134;0;34.2;3750;9.4;-1.2;2.2
211972;61;1.243;1134;0;34.2;3760;9.4;-1.12;2.2
211972;59;1.243;1134;0;34.2;3760;9.4;-1.16;2.4
212921;61;1.225;1135;0;34.2;3750;9.4;-1.08;2.4
212921;61;1.225;1135;0;34.2;3770;9.4;-1.12;2.4
212921;61;1.235;1134;0;34.2;3760;9.4;-1.12;2.4
212921;61;1.235;1135;0;34.2;3750;9.4;-1.08;2.4
213944;61;1.217;1134;0;34.2;3760;9.4;-1.24;2.2
213944;61;1.217;1135;0;34.2;3760;9.4;-1.12;2.2
213944;61;1.225;1135;0;34.2;3770;9.4;-1.16;2.2
213944;61;1.225;1135;0;34.2;3750;9.4;-1.12;2.2
214895;61;1.213;1133;0;34.3;3750;9.6;-1.24;2.4
214895;61;1.213;1133;0;34.2;3770;9.4;-1.2;2.4
214895;61;1.213;1133;0;34.2;3750;9.4;-1.2;2
214895;61;1.217;1133;0;34.2;3760;9.4;-1.28;2.2
215945;61;1.21;1133;0;34.3;3760;9.4;-1.16;2.2
215945;61;1.21;1133;0;34.3;3760;9.4;-1.08;2.4
215945;61;1.21;1133;0;34.3;3760;9.4;-1.16;2.2
215945;61;1.21;1133;0;34.3;3760;9.4;-1.16;2.4
216919;61;1.21;1131;0;34.3;3750;9.2;-1.16;2.2
216919;61;1.21;1132;0;34.3;3760;9.4;-1.12;2.2
216919;61;1.21;1133;0;34.3;3750;9.4;-1.16;2.4
216919;61;1.21;1133;0;34.3;3740;9.4;-1.12;2.2
217938;61;1.325;1131;0;34.3;3750;9.4;-1.24;2.2
217938;61;1.21;1130;0;34.3;3750;9.4;-1.2;2.2
217938;61;1.21;1130;0;34.3;3770;9.4;-1.2;2.2
217938;61;1.21;1131;0;34.3;3760;9.4;-1.08;2.2
218926;60;1.426;1130;0;34.3;3760;9.4;-1.16;2.4
218926;60;1.426;1130;0;34.3;3750;9.4;-1.28;2.2
218926;60;1.325;1130;0;34.3;3760;9.4;-1.28;2.2
218926;61;1.325;1131;0;34.3;3750;9.4;-1.24;2.2
219943;59;1.407;1130;0;34.3;3750;9.6;-1.04;2.2
219943;60;1.407;1130;0;34.3;3760;9.4;-1.16;2.2
219943;60;1.407;1130;0;34.3;3750;9.4;-1.12;2.2
219943;60;1.426;1130;0;34.3;3740;9.4;-1.16;2.2
220922;59;1.392;1130;0;34.3;3770;9.4;-1.12;2.2
220922;59;1.392;1130;0;34.3;3760;9.4;-1.08;2.2
220922;59;1.392;1131;0;34.3;3750;9.4;-1.12;2.2
220922;59;1.392;1131;0;34.3;3760;9.4;-1.16;2.2
221914;59;1.359;1131;0;34.3;3750;9.4;-1.2;2.4
221914;59;1.376;1130;0;34.3;3750;9.4;-1.2;2.4
221914;59;1.376;1130;0;34.3;3750;9.4;-1.12;2.2
221914;59;1.376;1131;0;34.3;3770;9.4;-1.08;2.2
222934;59;1.347;1130;0;34.3;3760;9.4;-1.16;2.4
222934;59;1.359;1130;0;34.3;3760;9.4;-1.16;2.2
222934;59;1.359;1129;0;34.3;3750;9.4;-1.24;2.2
222934;59;1.359;1131;0;34.3;3740;9.4;-1.16;2.4
223917;60;1.331;1130;0;34.3;3760;9.4;-1.04;2.2
223917;60;1.331;1130;0;34.3;3770;9.4;-1.12;2.4
223917;60;1.347;1130;0;34.3;3760;9.4;-1.12;2.4
223917;59;1.347;1130;0;34.3;3770;9.4;-1.16;2.4
224941;60;1.331;1129;0;34.3;3770;9.4;-1.12;2.2
224941;60;1.331;1129;0;34.3;3750;9.4;-1.12;2.2
224941;60;1.331;1129;0;34.3;3760;9.4;-1.12;2.2
224941;60;1.331;1129;0;34.3;3740;9.2;-1.08;2
225892;57;1.381;1128;0;34.3;3770;9.4;-1.16;2.4
225892;57;1.381;1127;0;34.3;3760;9.4;-1.08;2.2
225892;57;1.381;1128;0;34.3;3750;9.4;-1.08;2.2
225892;57;1.331;1128;0;34.3;3750;9.4;-1.08;2.2
226839;59;1.381;1128;0;34.4;3760;9.4;-1.12;2.2
226839;59;1.381;1128;0;34.4;3750;9.4;-1.2;2.2
226839;59;1.381;1128;0;34.3;3750;9.4;-1.16;2.2
226839;59;1.381;1128;0;34.3;3760;9.4;-1.16;2.2
227979;59;1.374;1128;0;34.3;3750;9.4;-1.16;2.2
227979;59;1.374;1127;0;34.4;3750;9.4;-1.08;2.2
227979;59;1.374;1128;0;34.4;3750;9.4;-1.12;2.2
227979;59;1.374;1128;0;34.4;3760;9.4;-1.08;2.2
228919;59;1.374;1128;0;34.3;3760;9.4;-1.08;2.2
228919;59;1.374;1128;0;34.3;3750;9.4;-1.04;2.4
228919;59;1.374;1127;0;34.3;3750;9.4;-1.12;2.2
228919;59;1.374;1128;0;34.3;3750;9.4;-1.08;2.2
229953;55;1.374;1126;0;34.3;3750;9.4;-1.12;2.2
229953;55;1.374;1127;0;34.3;3760;9.4;-1.12;2.2
229953;55;1.374;1127;0;34.3;3750;9.4;-1.12;2.2
229953;59;1.374;1129;0;34.3;3760;9.4;-1.12;2.2
230926;55;1.374;1126;0;34.4;3740;9.4;-1.04;2.4
230926;55;1.374;1127;0;34.4;3750;9.4;-1.08;2.4
230926;55;1.374;1127;0;34.4;3760;9.4;-1.04;2.4
230926;55;1.374;1127;0;34.3;3750;9.4;-1.16;2.2
231915;53;1.374;1126;0;34.4;3760;9.2;-1.2;2.4
231915;53;1.374;1127;0;34.4;3760;9.4;-1.36;2.4
231915;55;1.374;1127;0;34.4;3760;9.4;-1;2.4
231915;55;1.374;1127;0;34.4;3750;9.4;-1.08;2.2
232921;54;1.374;1127;0;34.4;3760;9.4;-0.92;2.6
232921;54;1.374;1127;0;34.4;3770;9.4;-0.96;2.6
232921;53;1.374;1127;0;34.4;3750;9.4;-0.88;2.6
232921;53;1.374;1127;0;34.4;3760;9.4;-0.96;2.4
233940;54;1.362;1127;0;34.4;3750;9.4;-1;2.4
233940;54;1.362;1127;0;34.4;3750;9.4;-1.08;2.4
233940;54;1.374;1126;0;34.4;3760;9.4;-1.08;2.6
233940;54;1.374;1127;0;34.4;3760;9.4;-1.04;2.6
234936;54;1.347;1127;0;34.4;3740;9.4;-1.04;2.6
234936;54;1.347;1127;0;34.4;3770;9.4;-1.04;2.4
234936;54;1.347;1128;0;34.4;3730;9.4;-1.04;2.4
234936;54;1.362;1127;0;34.4;3750;9.4;-1;2.4
235930;53;1.347;1127;0;34.5;3770;9.4;-1.04;2.4
235930;54;1.347;1127;0;34.5;3770;9.4;-1.04;2.4
235930;54;1.347;1127;0;34.4;3760;9.4;-1.08;2.4
235930;54;1.347;1126;0;34.4;3750;9.4;-1.08;2.4
236938;53;1.347;1127;0;34.4;3750;9.4;-1.12;2.4
236938;53;1.347;1127;0;34.5;3750;9.4;-0.96;2.4
236938;53;1.347;1127;0;34.5;3760;9.4;-1;2.6
236938;53;1.347;1126;0;34.5;3740;9.4;-1.04;2.6
237942;53;1.334;1127;0;34.4;3750;9.4;-1;2.4
237942;53;1.334;1128;0;34.4;3770;9.4;-1.08;2.4
237942;53;1.347;1127;0;34.4;3750;9.4;-1.04;2.4
237942;53;1.347;1127;0;34.4;3760;9.4;-1.08;2.4
238928;57;1.32;1125;0;34.4;3750;9.4;-1.08;2.4
238928;57;1.32;1126;0;34.4;3760;9.4;-1.04;2.4
238928;57;1.334;1125;0;34.4;3750;9.4;-1.08;2.4
238928;57;1.334;1125;0;34.4;3770;9.4;-1.04;2.4
239940;57;1.309;1125;0;34.4;3760;9.4;-1;2.6
239940;57;1.309;1126;0;34.4;3750;9.4;-1;2.6
239940;57;1.309;1125;0;34.4;3760;9.4;-1;2.6
239940;57;1.32;1125;0;34.4;3750;9.4;-1.08;2.4
240929;57;1.309;1125;0;34.5;3760;9.4;-0.96;2.6
240929;57;1.309;1125;0;34.5;3750;9.4;-0.96;2.6
240929;57;1.309;1125;0;34.4;3750;9.4;-1.04;2.4
240929;57;1.309;1125;0;34.4;3750;9.4;-1;2.6
241871;53;1.309;1125;0;34.5;3750;9.4;-1;2.4
241871;53;1.309;1125;0;34.5;3750;9.4;-0.92;2.6
241871;53;1.309;1124;0;34.5;3750;9.4;-0.96;2.4
241871;57;1.309;1125;0;34.5;3750;9.4;-0.96;2.4
242972;53;1.374;1124;0;34.4;3750;9.4;-0.96;2.8
242972;53;1.374;1125;0;34.4;3760;9.4;-1.04;2.4
242972;53;1.374;1125;0;34.4;3760;9.4;-0.96;2.6
242972;53;1.309;1124;0;34.4;3760;9.4;-1.04;2.6
243917;52;1.374;1126;0;34.4;3760;9.4;-1.2;2.4
243917;52;1.374;1125;0;34.4;3760;9.4;-1.16;2.4
243917;53;1.374;1125;0;34.4;3760;9.4;-1.12;2.4
243917;53;1.374;1125;0;34.4;3760;9.4;-1.04;2.4
244944;51;1.374;1124;0;34.5;3770;9.4;-1.04;2.6
244944;52;1.374;1124;0;34.5;3760;9.4;-1.28;2.4
244944;52;1.374;1124;0;34.4;3750;9.4;-1.12;2.2
244944;52;1.374;1125;0;34.4;3760;9.4;-1.12;2.2
245914;51;1.363;1124;0;34.5;3750;9.4;-0.84;2.4
245914;51;1.363;1124;0;34.5;3750;9.4;-0.84;2.6
245914;51;1.363;1123;0;34.5;3750;9.4;-0.96;2.2
245914;51;1.363;1123;0;34.5;3750;9.6;-0.96;2.2
246928;51;1.363;1124;0;34.5;3750;9.4;-1;2.6
246928;51;1.363;1123;0;34.5;3760;9.4;-1;2.6
246928;51;1.363;1123;0;34.5;3750;9.4;-0.76;2.6
246928;51;1.363;1123;0;34.5;3750;9.4;-0.92;2.6
247921;48;1.363;1124;0;34.5;3760;9.4;-1.04;2.6
247921;48;1.363;1124;0;34.5;3770;9.4;-0.92;2.4
247921;48;1.363;1123;0;34.5;3740;9.2;-1;2.6
247921;51;1.363;1124;0;34.5;3760;9.2;-0.92;2.6
248922;47;1.38;1124;0;34.5;3750;9.4;-0.92;2.6
248922;47;1.363;1123;0;34.5;3760;9.2;-1;2.4
248922;48;1.363;1123;0;34.5;3750;9.4;-1.16;2.6
248922;48;1.363;1123;0;34.5;3750;9.2;-0.84;2.6
249939;50;1.38;1124;0;34.6;3760;9.4;-0.96;2.6
249939;49;1.38;1123;0;34.5;3750;9.4;-0.96;2.6
249939;49;1.38;1123;0;34.5;3760;9.4;-0.96;2.6
249939;47;1.38;1123;0;34.5;3740;9.4;-0.96;2.6
250891;50;1.362;1123;0;34.6;3750;9.4;-1.04;2.4
250891;50;1.362;1124;0;34.6;3760;9.4;-0.96;2.6
250891;50;1.38;1123;0;34.6;3760;9.4;-0.96;2.4
251966;48;1.362;1122;0;34.5;3760;9.4;-0.96;2.4
251966;48;1.362;1123;0;34.5;3750;9.2;-1;2.4
251966;48;1.362;1122;0;34.5;3740;9.4;-1.08;2.6
251966;50;1.362;1123;0;34.5;3750;9.4;-1;2.6
251966;50;1.362;1123;0;34.6;3740;9.2;-1;2.4
252923;52;1.362;1122;0;34.5;3750;9.4;-1.04;2.4
252923;52;1.362;1122;0;34.5;3770;9.4;-1.12;2.4
252923;52;1.362;1123;0;34.5;3760;9.4;-0.96;2.4
252923;52;1.362;1122;0;34.5;3760;9.4;-0.96;2.6
253949;52;1.348;1122;0;34.5;3750;9.4;-0.88;2.6
253949;52;1.348;1122;0;34.5;3760;9.4;-0.96;2.4
253949;52;1.348;1122;0;34.5;3750;9.4;-1.04;2.6
253949;52;1.348;1122;0;34.5;3760;9.2;-1.08;2.6
254930;52;1.348;1122;0;34.5;3760;9.2;-0.88;2.2
254930;52;1.348;1122;0;34.5;3760;9.4;-0.96;2.4
254930;52;1.348;1123;0;34.5;3760;9.4;-0.96;2.4
254930;52;1.348;1122;0;34.5;3750;9.4;-0.88;2.6
255941;49;1.348;1121;0;34.5;3760;9.4;-0.92;2.4
255941;49;1.348;1121;0;34.5;3760;9.4;-0.92;2.6
255941;52;1.348;1121;0;34.5;3770;9.4;-0.96;2.4
255941;52;1.348;1121;0;34.5;3760;9.4;-0.96;2.4
256922;49;1.453;1121;0;34.6;3750;9.4;-0.92;2.6
256922;49;1.348;1120;0;34.6;3770;9.4;-0.92;2.4
256922;49;1.348;1121;0;34.6;3750;9.4;-1;2.4
256922;49;1.348;1121;0;34.6;3760;9.4;-0.92;2.4
257920;49;1.43;1121;0;34.6;3760;9.4;-1.04;2.6
257920;49;1.43;1119;0;34.6;3770;9.4;-1.04;2.6
257920;49;1.453;1121;0;34.6;3750;9.2;-0.96;2.6
257920;49;1.453;1120;0;34.6;3770;9.4;-1;2.6
258556;49;1.43;1120;0;34.6;3750;9.4;-1;2.6
258556;49;1.43;1119;0;34.6;3760;9.2;-1;2
258895;49;1.43;1120;0;34.6;3750;9.4;-0.96;2.4
259241;49;1.43;1119;0;34.6;3770;9.4;-0.96;2.6
259241;49;1.43;1120;0;34.6;3750;9.4;-1;2.6
259582;49;1.43;1120;0;34.6;3770;9.4;-0.96;2.4
259926;46;1.43;1119;0;34.6;3760;9.4;-0.96;2.4
259926;49;1.43;1120;0;34.6;3760;9.4;-0.96;2.4
260267;46;1.43;1120;0;34.6;3750;9.4;-1;2.4
260608;46;1.43;1119;0;34.6;3750;9.4;-0.96;2.4
260951;48;1.43;1118;0;34.6;3760;9.4;-0.92;2.4
260951;48;1.43;1120;0;34.6;3760;9.4;-0.96;2.6
261293;48;1.43;1119;0;34.6;3760;9.4;-0.96;2.4
261635;48;1.43;1118;0;34.6;3750;9.4;-1;2.6
261977;48;1.43;1117;0;34.6;3760;9.4;-1;2.4
261977;48;1.43;1118;0;34.6;3760;9.4;-0.96;2.4
262320;48;1.43;1118;0;34.6;3770;9.4;-1;2.6
262662;46;1.43;1117;0;34.6;3770;9.4;-0.92;2.6
263006;46;1.43;1118;0;34.6;3740;9.4;-0.88;2.4
263006;46;1.43;1118;0;34.6;3750;9.4;-1;2.4
263349;46;1.43;1118;0;34.6;3760;9.4;-0.92;2.6
263693;46;1.43;1118;0;34.6;3770;9.4;-0.92;2.4
263693;46;1.43;1118;0;34.6;3760;9.4;-0.96;2.4
264035;46;1.43;1118;0;34.6;3750;9.4;-0.92;2.6
264377;44;1.43;1118;0;34.6;3740;9.4;-0.96;2.4
264721;44;1.41;1117;0;34.6;3750;9.4;-0.96;2.4
264721;44;1.41;1118;0;34.6;3770;9.4;-0.92;2.6
265063;44;1.41;1117;0;34.6;3740;9.2;-0.96;2.2
265407;44;1.41;1117;0;34.6;3750;9.4;-0.96;2.4
265750;44;1.41;1116;0;34.6;3760;9.2;-0.92;2.2
265750;44;1.41;1117;0;34.6;3750;9.4;-0.96;2.4
266093;44;1.398;1117;0;34.6;3740;9.4;-1;2.6
266435;44;1.398;1117;0;34.6;3740;9.4;-1;2.6
266781;44;1.398;1116;0;34.6;3760;9.4;-0.92;2.4
266781;44;1.398;1117;0;34.6;3770;9.4;-0.96;2.6
267125;44;1.398;1117;0;34.6;3750;9.4;-0.96;2.4
267468;44;1.398;1116;0;34.6;3760;9.4;-0.96;2.4
267468;44;1.398;1116;0;34.6;3740;9.4;-0.92;2.4
267810;44;1.398;1116;0;34.6;3770;9.4;-1.04;2.4
268152;44;1.398;1116;0;34.7;3770;9.4;-1.24;2.4
268493;44;1.398;1116;0;34.7;3770;9.4;-1.16;2.2
268493;44;1.398;1116;0;34.7;3760;9.4;-1.08;2.4
268835;44;1.398;1116;0;34.7;3750;9.4;-1;2.4
269178;44;1.398;1116;0;34.7;3750;9.4;-1.04;2.4
269520;44;1.398;1116;0;34.7;3770;9.4;-1.16;2.4
269520;44;1.398;1116;0;34.7;3760;9.4;-1;2.4
269863;44;1.398;1115;0;34.7;3740;9.4;-1;2.4
270206;44;1.398;1116;0;34.7;3770;9.4;-0.96;2.4
270206;44;1.398;1116;0;34.7;3740;9.4;-0.92;2.2
270550;44;1.398;1115;0;34.7;3750;9.4;-1.04;2.4
270893;44;1.398;1115;0;34.7;3760;9.4;-1.04;2.2
271235;44;1.398;1115;0;34.7;3740;9.4;-1;2.4
271235;44;1.398;1115;0;34.7;3770;9.4;-1;2.4
271576;44;1.398;1115;0;34.7;3770;9.4;-1.08;2.2
271922;44;1.398;1115;0;34.7;3760;9.4;-1.04;2.4
272266;44;1.398;1115;0;34.7;3760;9.4;-1.12;2.4
272266;44;1.398;1115;0;34.7;3740;9.4;-1.12;2.4
272608;44;1.398;1115;0;34.7;3750;9.4;-1.04;2.4
272952;44;1.398;1115;0;34.7;3760;9.4;-0.96;2.4
273293;44;1.398;1115;0;34.7;3760;9.4;-0.92;2.4
273293;44;1.398;1115;0;34.7;3760;9.4;-0.92;2.4
273635;44;1.398;1115;0;34.7;3740;9.4;-0.96;2.4
273978;44;1.398;1115;0;34.7;3760;9.4;-1.04;2.4
273978;44;1.398;1115;0;34.7;3740;9.4;-0.96;2.4
274325;44;1.398;1115;0;34.7;3750;9.4;-0.92;2.4
274668;44;1.398;1115;0;34.7;3750;9.4;-1;2.4
275010;45;1.398;1115;0;34.7;3760;9.4;-1;2.4
275010;44;1.398;1114;0;34.7;3750;9.4;-1;2.4
275354;45;1.398;1114;0;34.7;3750;9.4;-1.08;2.4
275698;45;1.398;1115;0;34.7;3750;9.4;-1.08;2.4
276041;45;1.398;1115;0;34.7;3760;9.4;-1;2.4
276041;45;1.398;1115;0;34.7;3750;9.4;-1.08;2.6
276385;45;1.398;1115;0;34.7;3750;9.4;-1;2.4
276728;44;1.398;1113;0;34.7;3750;9.4;-1.04;2.2
276728;45;1.398;1115;0;34.7;3760;9.4;-1;2.2
277075;44;1.398;1114;0;34.7;3750;9.4;-0.96;2.4
277418;44;1.398;1114;0;34.7;3770;9.4;-1;2.4
277760;44;1.398;1113;0;34.7;3750;9.4;-0.96;2.4
277760;44;1.398;1114;0;34.7;3750;9.4;-1.04;2.4
278101;44;1.398;1113;0;34.7;3740;9.4;-1.04;2.6
278446;42;1.398;1114;0;34.7;3760;9.4;-1;2.6
278791;42;1.383;1113;0;34.7;3760;9.4;-1.12;2.4
278791;42;1.383;1113;0;34.7;3750;9.4;-1.08;2.4
279135;43;1.383;1113;0;34.7;3760;9.4;-1.16;2.4
279478;43;1.383;1113;0;34.7;3760;9.4;-1;2.6
279478;43;1.383;1113;0;34.7;3760;9.4;-1;2.4
279824;43;1.383;1113;0;34.7;3740;9.4;-1;2.6
280166;43;1.368;1113;0;34.7;3760;9.4;-1;2.4
280510;43;1.368;1113;0;34.7;3760;9.4;-0.88;2.4
280510;43;1.368;1113;0;34.7;3760;9.4;-1;2.4
280852;43;1.368;1113;0;34.7;3740;9.4;-1;2.4
281195;43;1.368;1113;0;34.7;3760;9.4;-0.96;2.4
281537;42;1.368;1112;0;34.7;3750;9.4;-0.96;2.4
281537;43;1.368;1112;0;34.7;3750;9.4;-0.96;2.4
281880;42;1.415;1113;0;34.7;3760;9.4;-0.88;2.4
282225;42;1.415;1113;0;34.7;3770;9.4;-0.88;2.4
282566;45;1.415;1113;0;34.7;3760;9.4;-1.04;2.2
282566;42;1.415;1114;0;34.7;3750;9.4;-1.04;2.4
282909;45;1.415;1113;0;34.7;3770;9.4;-1.08;2.4
283252;45;1.415;1113;0;34.7;3740;9.4;-1.08;2.4
283252;45;1.415;1113;0;34.7;3750;9.4;-1.08;2.4
283596;45;1.4;1113;0;34.7;3760;9.4;-1.08;2.4
283938;45;1.4;1113;0;34.7;3740;9.4;-1;2.4
284282;45;1.4;1113;0;34.7;3740;9.2;-1.04;2.4
284282;45;1.4;1113;0;34.7;3740;9.4;-0.96;2.4
284624;45;1.4;1112;0;34.7;3770;9.4;-1;2.4
284969;45;1.4;1112;0;34.7;3760;9.4;-1.12;2.4
285312;43;1.4;1113;0;34.7;3750;9.4;-0.88;2.4
285312;43;1.4;1112;0;34.7;3760;9.4;-1.12;2.6
285654;43;1.4;1113;0;34.7;3760;9.4;-1;2.4
285998;46;1.4;1112;0;34.8;3740;9.4;-0.96;2.4
285998;46;1.4;1113;0;34.7;3750;9.4;-1.08;2.6
286343;46;1.4;1113;0;34.8;3750;9.4;-0.96;2.4
286685;46;1.4;1112;0;34.8;3750;9.4;-1.04;2.4
287029;46;1.388;1113;0;34.8;3760;9.4;-1.04;2.6
287029;46;1.4;1112;0;34.8;3750;9.4;-1.12;2.4
287375;46;1.388;1112;0;34.8;3750;9.4;-0.96;2.4
287717;46;1.388;1112;0;34.7;3750;9.4;-1;2.6
288060;46;1.388;1112;0;34.7;3750;9.4;-0.96;2.4
288060;46;1.388;1112;0;34.7;3760;9.4;-0.92;2.4
288402;46;1.388;1111;0;34.7;3780;9.4;-1;2.4
288746;46;1.388;1112;0;34.7;3760;9.4;-0.96;2.2
289090;46;1.388;1112;0;34.8;3750;9.4;-0.88;2.4
289090;46;1.388;1112;0;34.8;3770;9.4;-0.92;2.4
289434;44;1.388;1112;0;34.8;3760;9.4;-0.92;2.4
289776;44;1.388;1112;0;34.8;3750;9.4;-0.92;2.4
289776;44;1.388;1112;0;34.8;3750;9.4;-0.96;2.4
290118;46;1.388;1110;0;34.8;3760;9.4;-1.04;2.4
290460;46;1.388;1110;0;34.8;3740;9.4;-0.96;2.4
290801;46;1.388;1111;0;34.8;3750;9.4;-1;2.6
290801;46;1.388;1111;0;34.8;3750;9.4;-1;2.4
291145;46;1.388;1110;0;34.8;3750;9.4;-1;2.4
291487;46;1.388;1110;0;34.8;3770;9.4;-1.04;2.4
291831;46;1.388;1110;0;34.8;3770;9.4;-0.92;2.6
291831;46;1.388;1110;0;34.8;3740;9.4;-1.04;2.4
292173;46;1.388;1110;0;34.8;3760;9.4;-1.12;2.4
292517;46;1.388;1110;0;34.8;3760;9.4;-0.92;2.4
292517;46;1.388;1110;0;34.8;3750;9.4;-0.96;2.4
292860;43;1.388;1110;0;34.8;3760;9.4;-0.96;2.4
293201;43;1.388;1110;0;34.8;3750;9.4;-1;2.6
293543;43;1.388;1111;0;34.8;3770;9.2;-0.96;2
293543;43;1.388;1111;0;34.8;3740;9.4;-0.96;2.4
293886;43;1.388;1111;0;34.8;3750;9.4;-1.04;2.4
294228;43;1.388;1111;0;34.8;3760;9.4;-1.04;2.4
294570;45;1.388;1111;0;34.8;3750;9.4;-1;2.4
294570;43;1.388;1111;0;34.8;3750;9.2;-1.04;2.6
294914;45;1.373;1110;0;34.8;3760;9.4;-1;2.4
295256;45;1.373;1110;0;34.8;3770;9.4;-0.96;2.4
295601;45;1.357;1110;0;34.8;3770;9.4;-1.04;2.4
295601;45;1.373;1110;0;34.8;3770;9.4;-1;2.6
295943;45;1.357;1110;0;34.8;3770;9.4;-1;2.6
296285;47;1.357;1110;0;34.8;3750;9.4;-0.96;2.4
296285;45;1.357;1110;0;34.8;3740;9.4;-0.96;2.4
296628;47;1.341;1109;0;34.8;3750;9.4;-1.08;2.4
296969;47;1.341;1110;0;34.8;3750;9.4;-1.08;2.4
297313;47;1.331;1110;0;34.8;3750;9.2;-1.04;2.4
297313;47;1.341;1109;0;34.8;3760;9.4;-1.08;2.4
297655;47;1.331;1109;0;34.8;3740;9.4;-1.04;2.6
298000;47;1.331;1109;0;34.8;3760;9.4;-0.92;2.6
298343;47;1.331;1109;0;34.8;3750;9.4;-0.96;2.6
298343;47;1.331;1109;0;34.8;3750;9.4;-1.04;2.6
298686;47;1.331;1109;0;34.8;3760;9.4;-0.96;2.4
299030;47;1.331;1110;0;34.9;3760;9.4;-1.08;2.4
299030;47;1.331;1109;0;34.8;3760;9.4;-0.96;2.4
299372;47;1.331;1109;0;34.9;3770;9.4;-1.04;2.4
299717;47;1.331;1110;0;34.9;3750;9.4;-0.96;2.4
300059;47;1.331;1110;0;34.9;3740;9.4;-1.04;2.6
300059;47;1.331;1110;0;34.9;3760;9.4;-1.04;2.6
300402;47;1.331;1110;0;34.9;3760;9.4;-1.16;2.4
300746;47;1.331;1110;0;34.9;3740;9.4;-1.12;2.4
301087;46;1.339;1110;0;34.9;3750;9.4;-1.08;2.6
301087;46;1.331;1110;0;34.9;3750;9.4;-1.12;2.4
301432;46;1.339;1110;0;34.9;3760;9.4;-0.96;2.4
301774;47;1.339;1110;0;34.8;3760;9.4;-1;2.6
302118;47;1.339;1110;0;34.8;3730;9.4;-0.76;2.4
302118;47;1.339;1110;0;34.8;3760;9.4;-0.88;2.4
302459;47;1.339;1110;0;34.8;3760;9.4;-0.88;2.4
302801;49;1.331;1113;0;34.9;3770;9.6;-1.72;1.96
302801;49;1.339;1112;0;34.8;3750;9.4;-1.56;2.2
303142;49;1.331;1113;0;34.9;3750;9.4;-1.64;1.96
303484;49;1.331;1113;0;34.9;3740;9.4;-1.6;1.84
303840;49;1.321;1113;0;34.9;3760;9.4;-1.6;2.2
303840;49;1.321;1113;0;34.9;3750;9.4;-1.36;2.2
304198;49;1.321;1113;0;34.9;3740;9.4;-1.68;2
